Country Name,Country Code,Series Name,Series Code,2014 [YR2014],2015 [YR2015],2016 [YR2016],2017 [YR2017],2018 [YR2018],2019 [YR2019],2020 [YR2020],2021 [YR2021],2022 [YR2022],2023 [YR2023],2024 [YR2024]
Sweden,SWE,Account ownership at a financial institution or with a mobile-money-service provider (% of population ages 15+),FX.OWN.TOTL.ZS,99.72,..,..,99.74,..,..,..,99.69,..,..,..
Sweden,SWE,"Account ownership at a financial institution or with a mobile-money-service provider, female (% of population ages 15+)",FX.OWN.TOTL.FE.ZS,99.76,..,..,100,..,..,..,100,..,..,..
Sweden,SWE,"Account ownership at a financial institution or with a mobile-money-service provider, male (% of population ages 15+)",FX.OWN.TOTL.MA.ZS,99.68,..,..,99.48,..,..,..,99.39,..,..,..
Sweden,SWE,"Account ownership at a financial institution or with a mobile-money-service provider, older adults (% of population ages 25+)",FX.OWN.TOTL.OL.ZS,100,..,..,99.85,..,..,..,99.65,..,..,..
Sweden,SWE,"Account ownership at a financial institution or with a mobile-money-service provider, poorest 40% (% of population ages 15+)",FX.OWN.TOTL.40.ZS,99.34,..,..,99.67,..,..,..,99.22,..,..,..
Sweden,SWE,"Account ownership at a financial institution or with a mobile-money-service provider, primary education or less (% of population ages 15+)",FX.OWN.TOTL.PL.ZS,100,..,..,96.85,..,..,..,100,..,..,..
Sweden,SWE,"Account ownership at a financial institution or with a mobile-money-service provider, richest 60% (% of population ages 15+)",FX.OWN.TOTL.60.ZS,100,..,..,99.79,..,..,..,100,..,..,..
Sweden,SWE,"Account ownership at a financial institution or with a mobile-money-service provider, secondary education or more (% of population ages 15+)",FX.OWN.TOTL.SO.ZS,99.83,..,..,100,..,..,..,99.67,..,..,..
Sweden,SWE,"Account ownership at a financial institution or with a mobile-money-service provider, young adults (% of population ages 15-24)",FX.OWN.TOTL.YG.ZS,98.62,..,..,99.09,..,..,..,100,..,..,..
Sweden,SWE,Adjusted net national income (annual % growth),NY.ADJ.NNTY.KD.ZG,2.68755378807455,3.56730140130463,1.83563575934986,3.33580880427893,1.20283581015448,3.49744493750028,-1.98195455366483,4.53265085047299,..,..,..
Sweden,SWE,Adjusted net national income (constant 2015 US$),NY.ADJ.NNTY.KD,410385742753.028,425025439105.011,432827358051.556,447265651168.768,452645522587.547,468476550502.106,459191558176.578,480005108243.569,..,..,..
Sweden,SWE,Adjusted net national income (current US$),NY.ADJ.NNTY.CD,495514182187.217,425025439105.011,432747589460.25,459032738907.882,470799099793.76,458007910571.367,469238771521.351,539858010828.979,..,..,..
Sweden,SWE,Adjusted net national income per capita (annual % growth),NY.ADJ.NNTY.PC.KD.ZG,1.67370573852827,2.47789426491178,0.564122572175947,1.95275442836005,0.034019856694826,2.4535682406356,-2.68778121288132,3.90671813136998,..,..,..
Sweden,SWE,Adjusted net national income per capita (constant 2015 US$),NY.ADJ.NNTY.PC.KD,42324.7820778671,43373.545425611,43618.2253857098,44469.9822135013,44485.1108377226,45576.5833890485,44351.5845432445,46084.2759381453,..,..,..
Sweden,SWE,Adjusted net national income per capita (current US$),NY.ADJ.NNTY.PC.CD,51104.4307652468,43373.545425611,43610.186697005,45639.9405617351,46269.2086666443,44558.1229340654,45322.0070698567,51830.6266145746,..,..,..
Sweden,SWE,"Adjusted net savings, excluding particulate emission damage (% of GNI)",NY.ADJ.SVNX.GN.ZS,17.1970242083055,17.4871912561563,17.3232227348877,18.2927579617704,18.0783217634771,19.6677529703243,19.6505842148334,19.7627788076617,..,..,..
Sweden,SWE,"Adjusted net savings, excluding particulate emission damage (current US$)",NY.ADJ.SVNX.CD,102192852987.427,89033542069.6597,89843435369.2303,100684837616.789,102397124704.336,108082789314.431,111242342536.816,129222750938.125,..,..,..
Sweden,SWE,"Adjusted net savings, including particulate emission damage (% of GNI)",NY.ADJ.SVNG.GN.ZS,17.184419810534,17.4759878619669,17.3126087782218,18.2827731028946,18.0683904804151,19.6581804324538,19.6410057135243,19.753713446822,..,..,..
Sweden,SWE,"Adjusted net savings, including particulate emission damage (current US$)",NY.ADJ.SVNG.CD,102117951693.293,88976501584.8117,89788388202.5265,100629880135.985,102340873087.428,108030184088.23,111188118453.095,129163475323.225,..,..,..
Sweden,SWE,Adjusted savings: carbon dioxide damage (% of GNI),NY.ADJ.DCO2.GN.ZS,0.221431924269075,0.267658818187629,0.268524757367084,0.260297820749338,0.249082937293866,0.259717954040394,0.242448294258335,0.22362343377079,..,..,..
Sweden,SWE,Adjusted savings: carbon dioxide damage (current US$),NY.ADJ.DCO2.CD,1315853243.52941,1362746727.03852,1392650031.27631,1432700518.36486,1410826564.84905,1427262227.16332,1372504547.57439,1462205065.76171,..,..,..
Sweden,SWE,Adjusted savings: consumption of fixed capital (% of GNI),NY.ADJ.DKAP.GN.ZS,16.5414153464925,16.4500047660241,16.4781446037028,16.4657434549725,16.7144001799024,16.5375504258243,16.993295322518,16.8603634442905,..,..,..
Sweden,SWE,Adjusted savings: consumption of fixed capital (current US$),NY.ADJ.DKAP.CD,98296914991.3547,83752854871.2079,85460606398.9509,90628800177.0059,94671758914.9964,90880975632.9613,96199378014.922,110244746818.861,..,..,..
Sweden,SWE,Adjusted savings: education expenditure (% of GNI),NY.ADJ.AEDU.GN.ZS,7.03826821716559,7.00931903840277,7.20552388873377,7.12834836356004,7.10473688546251,7.07961708394365,7.07961708394365,7.07961708394365,..,..,..
Sweden,SWE,Adjusted savings: education expenditure (current US$),NY.ADJ.AEDU.CD,41824719235.7562,35686948941.3059,37370010748.3547,39235013056.035,40241823238.3687,38905550769.591,40077851125.0093,46291445351.8589,..,..,..
Sweden,SWE,Adjusted savings: energy depletion (% of GNI),NY.ADJ.DNGY.GN.ZS,0.0134461495694928,0.00750690390118918,0.00595753990894641,0.00765766453871839,0.0201589457969788,0.0191894103170098,0.00983060801001922,0.0203138760991424,..,..,..
Sweden,SWE,Adjusted savings: energy depletion (current US$),NY.ADJ.DNGY.CD,79903381.5128603,38220331.3561934,30897591.0522174,42148412.6240573,114181953.042314,105454090.027008,55651264.6972716,132826207.149054,..,..,..
Sweden,SWE,Adjusted savings: gross savings (% of GNI),NY.ADJ.ICTR.GN.ZS,26.9950084481061,27.2657438727397,26.9457045561704,28.0261045297178,28.1025837640952,29.5044603111673,29.9239707553395,30.3431933897672,..,..,..
Sweden,SWE,Adjusted savings: mineral depletion (% of GNI),NY.ADJ.DMIN.GN.ZS,0.0599590366350719,0.0627011668732867,0.0753788090376812,0.127995991246868,0.145356823087445,0.0998666346048967,0.107429399663286,0.555730911888683,..,..,..
Sweden,SWE,Adjusted savings: mineral depletion (current US$),NY.ADJ.DMIN.CD,356304959.619487,319234055.192496,390937140.370974,704500416.023853,823313188.859211,548810250.150519,608159937.903866,3633754034.01103,..,..,..
Sweden,SWE,Adjusted savings: natural resources depletion (% of GNI),NY.ADJ.DRES.GN.ZS,0.0734051862045647,0.0702080707744759,0.0813363489466276,0.135653655785586,0.165515768884424,0.119056044921906,0.117260007673305,0.576044787987825,..,..,..
Sweden,SWE,Adjusted savings: net forest depletion (% of GNI),NY.ADJ.DFOR.GN.ZS,0,0,0,0,0,0,0,0,..,..,..
Sweden,SWE,Adjusted savings: net forest depletion (current US$),NY.ADJ.DFOR.CD,0,0,0,0,0,0,0,0,..,..,..
Sweden,SWE,Adjusted savings: net national savings (% of GNI),NY.ADJ.NNAT.GN.ZS,10.4535931016136,10.8157391067156,10.4675599524677,11.5603610747453,11.3881835841928,12.966909885343,12.9306754328214,13.4828299454766,..,..,..
Sweden,SWE,Adjusted savings: net national savings (current US$),NY.ADJ.NNAT.CD,62120195336.3323,55066794241.941,54287909383.5751,63629173907.7671,64503623172.7176,71258765112.1807,73200807161.982,88160090893.1879,..,..,..
Sweden,SWE,Adjusted savings: particulate emission damage (% of GNI),NY.ADJ.DPEM.GN.ZS,0.0126043977714824,0.0112033941893573,0.0106139566659954,0.00998485887577901,0.00993128306199029,0.00957253787054915,0.00957850130915333,0.00906536083965554,..,..,..
Sweden,SWE,Adjusted savings: particulate emission damage (current US$),NY.ADJ.DPEM.CD,74901294.13402,57040484.8480153,55047166.7037278,54957480.8038991,56251616.9076684,52605226.2008817,54224083.7205157,59275614.8995044,..,..,..
Sweden,SWE,"Agriculture, forestry, and fishing, value added (% of GDP)",NV.AGR.TOTL.ZS,1.25158848475017,1.30289041518333,1.27441325068162,1.31525688825892,1.27924121516752,1.29094538271318,1.19966667848375,1.11492008235868,1.04020128176122,0.993696150422338,..
Sweden,SWE,"Agriculture, forestry, and fishing, value added (annual % growth)",NV.AGR.TOTL.KD.ZG,10.0551151700747,3.39641324059193,-0.61700734560624,3.72342177716712,-9.1457464059813,8.12240780919676,-4.91712721827878,-3.5477714487328,-1.69369014375975,-10.5070562318771,..
Sweden,SWE,"Agriculture, forestry, and fishing, value added (constant 2015 US$)",NV.AGR.TOTL.KD,6321862030.78916,6536578589.85484,6496247419.80411,6738130110.93175,6121877818.48087,6619121700.47864,6293651065.73341,6070366710.14045,5967553507.48073,5340539304.78238,..
Sweden,SWE,"Agriculture, forestry, and fishing, value added (constant LCU)",NV.AGR.TOTL.KN,53323900000,55135000000,54794813000,56835055000,51637065000,55831238000,53085945000,51202577000,50335364000,45046599000,..
Sweden,SWE,"Agriculture, forestry, and fishing, value added (current LCU)",NV.AGR.TOTL.CN,49609000000,55135000000,56109000000,60277000000,61305000000,64979000000,60235000000,60929000000,61010000000,61674000000,..
Sweden,SWE,"Agriculture, forestry, and fishing, value added (current US$)",NV.AGR.TOTL.CD,7230805221.26841,6536578589.85484,6553264962.68878,7050880950.70757,7052616704.28842,6870014931.25254,6539954285.36968,7104124764.26142,6032082684.69025,5812729729.19205,..
Sweden,SWE,"Agriculture, forestry, and fishing, value added per worker (constant 2015 US$)",NV.AGR.EMPL.KD,67767.7975621425,66963.1539878983,70613.2953067806,73966.2564621229,69934.0777791795,77031.7006419715,72654.6052282001,61042.1043191811,61816.5857100241,57601.3163422272,..
Sweden,SWE,"Annualized average growth rate in per capita real survey mean consumption or income, bottom 40% of population (%)",SI.SPR.PC40.ZG,..,..,..,..,..,..,..,..,-0.09,..,..
Sweden,SWE,"Annualized average growth rate in per capita real survey mean consumption or income, total population (%)",SI.SPR.PCAP.ZG,..,..,..,..,..,..,..,..,1.08,..,..
Sweden,SWE,"Automated teller machines (ATMs) (per 100,000 adults)",FB.ATM.TOTL.P5,40.19,40.53,34.77,32,31.86,29.62,28.3,..,..,..,..
Sweden,SWE,Average transaction cost of sending remittances from a specific country (%),SI.RMT.COST.OB.ZS,..,..,8.72081,4.21016666666667,5.328725,5.8989525,4.5090275,3.708335,4.6958335,4.86666675,..
Sweden,SWE,Average transaction cost of sending remittances to a specific country (%),SI.RMT.COST.IB.ZS,..,..,..,..,..,..,..,..,..,..,..
Sweden,SWE,Bank capital to assets ratio (%),FB.BNK.CAPA.ZS,..,..,5.60558774538325,5.63519438919293,5.38349189854714,5.65963915420548,5.66657186906629,5.66733402694746,5.64748038510123,..,..
Sweden,SWE,Bank liquid reserves to bank assets ratio (%),FD.RES.LIQU.AS.ZS,0.562680122003317,2.32392041816888,3.25943101880195,3.88599558201117,4.46861107726782,4.08809657028835,8.09812070609855,10.0922479818926,8.45774156853804,7.39317595883729,6.01689922556883
Sweden,SWE,Bank nonperforming loans to total gross loans (%),FB.AST.NPER.ZS,..,..,1.06459067890898,1.11978084734839,0.494908669779694,0.581325196187856,0.513361451406936,0.417650657609339,0.30429836634002,..,..
Sweden,SWE,"Borrowers from commercial banks (per 1,000 adults)",FB.CBK.BRWR.P3,..,..,..,..,..,..,..,..,..,..,..
Sweden,SWE,Broad money (% of GDP),FM.LBL.BMNY.GD.ZS,66.4673991335836,66.3960375684263,69.4632787096739,73.4482502045099,72.9210060985407,74.3265593749646,88.0226720770336,89.3220267028932,85.6146692761778,79.8696533084133,..
Sweden,SWE,Broad money (current LCU),FM.LBL.BMNY.CN,2634557000000,2809711000000,3058282000000,3366065000000,3494589000000,3741185000000,4419599000000,4881338000000,5021481000000,4957130000000,4970199000000
Sweden,SWE,Broad money growth (annual %),FM.LBL.BMNY.ZG,4.1774057955312,6.64832835273634,8.84685293256139,10.0639182390636,3.81822692075168,7.05650936347593,18.1336662046918,10.4475315520707,2.87099561636584,-1.2815143580151,..
Sweden,SWE,Broad money to total reserves ratio,FM.LBL.BMNY.IR.ZS,6.13626348237129,5.73349589067795,6.01723285017065,6.33116089484569,6.63774497421745,7.12566680208431,8.23636558056159,9.17194557581705,7.72258801414842,7.67638366020363,..
Sweden,SWE,Changes in inventories (constant LCU),NE.GDI.STKB.KN,..,..,..,..,..,..,..,..,..,..,..
Sweden,SWE,Changes in inventories (current LCU),NE.GDI.STKB.CN,6790000000,23254000000,20984000000,23365000000,34506000000,31941000000,-5607000000,11220000000,80720000000,-1951000000,..
Sweden,SWE,Changes in inventories (current US$),NE.GDI.STKB.CD,989682667.508164,2756898495.12078,2450831630.88028,2733112686.65133,3969620618.19063,3377016373.27656,-608774361.717736,1308215789.77192,7980818133.22728,-183880333.716861,..
Sweden,SWE,"Charges for the use of intellectual property, payments (BoP, current US$)",BM.GSR.ROYL.CD,3869250937.68188,4240090689.6807,3388227720.04536,5118824999.53696,5083294212.34674,7219980922.93097,9489139862.82978,11264665350.8645,15239031604.8459,14866636739.5318,17935350909.6534
Sweden,SWE,"Charges for the use of intellectual property, receipts (BoP, current US$)",BX.GSR.ROYL.CD,9254965595.79995,8570297469.18668,7960038582.66227,8038041493.77219,7700426110.63986,8637237575.69155,8377407361.65062,9586646043.18072,8285434317.80889,9501433097.20235,10916286415.933
Sweden,SWE,Chemicals (% of value added in manufacturing),NV.MNF.CHEM.ZS.UN,5.1560657364831,8.07786668679701,7.8298622787156,5.43925006396449,7.99917293634278,5.36067553691348,10.2542751819395,7.48475614575128,..,..,..
Sweden,SWE,Claims on central government (annual growth as % of broad money),FM.AST.CGOV.ZG.M3,-3.21473960759441,4.03194920436339,2.71814432160461,3.13352398503474,0.182171170194277,0.561096025884589,4.09204570209706,1.67440530238151,-0.846181927987777,0.150951482241992,..
Sweden,SWE,"Claims on central government, etc. (% GDP)",FS.AST.CGOV.GD.ZS,-3.23343213874571,-0.518438611022167,1.23634597790645,3.27881408023335,3.26351012688287,3.49671189283359,6.55442027429716,7.37616004461949,6.16845668467852,5.95136569980786,..
Sweden,SWE,Claims on other sectors of the domestic economy (% of GDP),FS.AST.DOMO.GD.ZS,..,..,..,..,..,..,..,..,..,..,..
Sweden,SWE,Claims on other sectors of the domestic economy (annual growth as % of broad money),FM.AST.DOMO.ZG.M3,24.6378880420607,2.33390281553977,14.0091988108386,22.393062510259,-5.66337845525859,13.9114785744475,9.69976090463316,10.3075414760479,40.0438158554069,-8.20648330641896,..
Sweden,SWE,Claims on private sector (annual growth as % of broad money),FM.AST.PRVT.ZG.M3,7.11657256830402,8.72306046139825,9.93358391663769,13.0013844374064,8.77481569726075,7.21229306221704,8.59214393300518,10.648522637461,10.313995875721,0.363896627309752,..
Sweden,SWE,"Commercial bank branches (per 100,000 adults)",FB.CBK.BRCH.P5,21.1351058841405,19.3358087942864,17.5668281601386,16.1996726748702,14.9285281784927,14.2871301578846,13.8206938176173,11.4225696207952,10.6003035204811,10.5388234972321,..
Sweden,SWE,"Commercial banks and other lending (PPG + PNG) (NFL, current US$)",DT.NFL.PCBO.CD,..,..,..,..,..,..,..,..,..,..,..
Sweden,SWE,"Communications, computer, etc. (% of service exports, BoP)",BX.GSR.CMCP.ZS,66.4537362844902,65.6730644212352,66.7942935000762,66.9932302940068,66.1094750456486,70.3825972247901,75.7394588682927,74.191940833464,70.3247240431674,73.4254012297504,..
Sweden,SWE,"Communications, computer, etc. (% of service imports, BoP)",BM.GSR.CMCP.ZS,55.9946707439298,55.9587867636017,56.8277169059344,57.2116108998901,58.8774228841374,61.7900982051288,75.3320967705449,74.857236251973,72.3599687097843,73.036882467163,..
Sweden,SWE,Consumer price index (2010 = 100),FP.CPI.TOTL,103.643306416286,103.594817159687,104.614469083966,106.491774734342,108.572129146727,110.509219846432,111.058856590269,113.461278849041,122.957183435409,133.468331831819,137.253248917946
Sweden,SWE,Current account balance (% of GDP),BN.CAB.XOKA.GD.ZS,3.25046610689162,2.59383978182218,1.84679598887557,2.07432570613665,2.19206475154498,5.32712064769757,5.7975833223945,6.70313387861944,4.72576156484506,6.97807095420788,..
Sweden,SWE,"Current account balance (BoP, current US$)",BN.CAB.XOKA.CD,18778925807.9979,13013249146.5039,9496561214.07979,11120126978.6338,12085126948.9496,28349300350.2202,31605387208.0562,42711491288.7004,27404488926.4232,40818957053.1156,45274385254.6836
Sweden,SWE,"Debt service (PPG and IMF only, % of exports of goods, services and primary income)",DT.TDS.DPPF.XP.ZS,..,..,..,..,..,..,..,..,..,..,..
Sweden,SWE,"Debt service on external debt, public and publicly guaranteed (PPG) (TDS, current US$)",DT.TDS.DPPG.CD,..,..,..,..,..,..,..,..,..,..,..
Sweden,SWE,"Debt service on external debt, total (TDS, current US$)",DT.TDS.DECT.CD,..,..,..,..,..,..,..,..,..,..,..
Sweden,SWE,DEC alternative conversion factor (LCU per US$),PA.NUS.ATLS,6.860785,8.43484083333333,8.56199166666667,8.54886083333333,8.69251833333333,9.45834916666666,9.21030902842085,8.57656671607378,10.114251277564,10.6101612965536,..
Sweden,SWE,Deposit interest rate (%),FR.INR.DPST,..,..,..,..,..,..,..,..,..,..,..
Sweden,SWE,"Depositors with commercial banks (per 1,000 adults)",FB.CBK.DPTR.P3,..,..,..,..,..,..,..,..,..,..,..
Sweden,SWE,Discrepancy in expenditure estimate of GDP (constant LCU),NY.GDP.DISC.KN,0,0,0,0,0,0,0,0,0,0,..
Sweden,SWE,Discrepancy in expenditure estimate of GDP (current LCU),NY.GDP.DISC.CN,0,0,0,0,0,0,0,0,0,0,..
Sweden,SWE,Domestic credit provided by financial sector (% of GDP),FS.AST.DOMS.GD.ZS,..,..,..,..,..,..,..,..,..,..,..
Sweden,SWE,Domestic credit to private sector (% of GDP),FS.AST.PRVT.GD.ZS,130.317333651556,127.493031834385,128.880999343135,132.490229454798,132.864761636077,131.506604922317,138.235180476792,135.618447701284,134.945545863567,127.818932494431,..
Sweden,SWE,Domestic credit to private sector by banks (% of GDP),FD.AST.PRVT.GD.ZS,130.309310810173,127.486060714906,128.875298337487,132.485952693345,132.86129774175,131.50372419038,138.232631172652,135.61648974286,134.943926143493,127.817643528383,..
Sweden,SWE,Exports as a capacity to import (constant LCU),NY.EXP.CAPM.KN,1742243181928.57,1849633000000,1919566345436.93,1969088075034.75,2035605456173.47,2181119423709.94,2072923989795.95,2330257785942.02,2407132642951.4,2475012900320.44,..
Sweden,SWE,Exports of goods and services (% of GDP),NE.EXP.GNFS.ZS,43.4579909644641,43.7085174083032,42.9104474221915,43.8942356892688,45.8909449211588,48.2412138172619,44.2599429832196,47.2996459572001,53.8802781349213,55.1715976331361,..
Sweden,SWE,Exports of goods and services (annual % growth),NE.EXP.GNFS.KD.ZG,3.91869586628719,5.10649618885053,3.21720325059079,3.24967423948574,4.44469034675291,6.90374925358273,-5.46912122993409,11.9327790330813,6.18662717427254,3.15660314027133,..
Sweden,SWE,"Exports of goods and services (BoP, current US$)",BX.GSR.GNFS.CD,255793910194.053,224125010003.258,225203742724.025,239961300680.36,257042480801.435,261020884544.194,245248473057.68,304769480258.537,318203090397.825,329332145750.099,338851684856.974
Sweden,SWE,Exports of goods and services (constant 2015 US$),NE.EXP.GNFS.KD,208631132083.208,219284872891.792,226339712950.521,233695016296,244082036126.151,260932847873.34,246662114094.427,276095759127.642,293176774388.847,302431201655.752,..
Sweden,SWE,Exports of goods and services (constant LCU),NE.EXP.GNFS.KN,1759770392000,1849633000000,1909139453000,1971180266000,2058793125000,2200927040000,2080555672000,2328823783000,2472899428000,2550959049000,..
Sweden,SWE,Exports of goods and services (current LCU),NE.EXP.GNFS.CN,1722537000000,1849633000000,1889232000000,2011632000000,2199229000000,2428194000000,2222282000000,2584867000000,3160192000000,3424239000000,..
Sweden,SWE,Exports of goods and services (current US$),NE.EXP.GNFS.CD,251069957738.072,219284872891.792,220653333190.583,235309948216.298,253002514998.051,256724927068.404,241282023561.051,301387150076.682,312449425397.421,322732040003.224,..
Sweden,SWE,"Exports of goods, services and primary income (BoP, current US$)",BX.GSR.TOTL.CD,319952111160.039,270590724326.603,269640837850.38,289432716161.369,316063532588.943,319975130115.418,299980030833.169,377965008723.218,393287732326.734,419036971598.875,..
Sweden,SWE,External balance on goods and services (% of GDP),NE.RSB.GNFS.ZS,3.09333516328122,3.25986088481229,2.55709409521179,1.86722095822586,1.65219412665417,3.96134415349493,4.1891041944418,4.32130573502491,1.90554099417736,3.97716918887783,..
Sweden,SWE,External balance on goods and services (constant LCU),NE.RSB.GNFS.KN,141539894000,137949000000,103962773000,85855411000,96474793000,198911001000,203829282000,211458845000,150897933000,254363041000,..
Sweden,SWE,External balance on goods and services (current LCU),NE.RSB.GNFS.CN,122610000000,137949000000,112582000000,85573000000,79178000000,199392000000,210334000000,236154000000,111764000000,246844000000,..
Sweden,SWE,External balance on goods and services (current US$),NE.RSB.GNFS.CD,17871132822.2645,16354665455.5525,13149043398.1969,10009871685.633,9108752718.5735,21081057221.1377,22836801604.6974,27534794261.8358,11050150617.468,23264867809.331,..
Sweden,SWE,External debt stocks (% of GNI),DT.DOD.DECT.GN.ZS,..,..,..,..,..,..,..,..,..,..,..
Sweden,SWE,"External debt stocks, long-term (DOD, current US$)",DT.DOD.DLXF.CD,..,..,..,..,..,..,..,..,..,..,..
Sweden,SWE,"External debt stocks, private nonguaranteed (PNG) (DOD, current US$)",DT.DOD.DPNG.CD,..,..,..,..,..,..,..,..,..,..,..
Sweden,SWE,"External debt stocks, public and publicly guaranteed (PPG) (DOD, current US$)",DT.DOD.DPPG.CD,..,..,..,..,..,..,..,..,..,..,..
Sweden,SWE,"External debt stocks, short-term (DOD, current US$)",DT.DOD.DSTC.CD,..,..,..,..,..,..,..,..,..,..,..
Sweden,SWE,"External debt stocks, total (DOD, current US$)",DT.DOD.DECT.CD,..,..,..,..,..,..,..,..,..,..,..
Sweden,SWE,Final consumption expenditure (% of GDP),NE.CON.TOTL.ZS,74.0425256005589,72.9517019574667,73.1161696873668,73.0575374974879,73.039321043325,71.5790960581057,71.4007111761892,70.4222200101155,71.1686416737608,71.0240271327353,..
Sweden,SWE,Final consumption expenditure (annual % growth),NE.CON.TOTL.KD.ZG,2.26860844832737,3.48543818443841,2.77830110814898,1.65457552570712,1.51110120900778,0.486864871589063,-2.50009449853566,5.01618681886175,2.05394912602559,-1.18974341280918,..
Sweden,SWE,Final consumption expenditure (constant 2015 US$),NE.CON.TOTL.KD,353670456852.13,365997422002.332,376165932433.619,382389881887.714,388168180016.043,390058034527.227,380306215064.916,399383085296.314,407586210686.252,402736980593.094,..
Sweden,SWE,Final consumption expenditure (constant LCU),NE.CON.TOTL.KN,2983154011000,3087130000000,3172899767000,3225397790000,3274136815000,3290077437000,3207822392000,3368732756000,3437924813000,3397022329000,..
Sweden,SWE,Final consumption expenditure (current LCU),NE.CON.TOTL.CN,2934811000000,3087130000000,3219109000000,3348159000000,3500259000000,3602893000000,3585014000000,3848487000000,4174191000000,4408124000000,..
Sweden,SWE,Final consumption expenditure (current US$),NE.CON.TOTL.CD,427766064670.442,365997422002.332,375976656521.701,391649725650.581,402674905680.383,380921970262.781,389239274050.142,448721164004.631,412703905158.005,415462487024.759,..
Sweden,SWE,Financial intermediary services indirectly Measured (FISIM) (constant LCU),NV.FSM.TOTL.KN,..,..,..,..,..,..,..,..,..,..,..
Sweden,SWE,Financial intermediary services indirectly Measured (FISIM) (current LCU),NV.FSM.TOTL.CN,..,..,..,..,..,..,..,..,..,..,..
Sweden,SWE,"Food, beverages and tobacco (% of value added in manufacturing)",NV.MNF.FBTO.ZS.UN,7.80964191578138,7.77987468860874,7.831917262612,7.58373904664781,7.12075129395443,7.86864485566446,8.67236104118328,7.5050027316366,..,..,..
Sweden,SWE,"Foreign direct investment, net (BoP, current US$)",BN.KLT.DINV.CD,4379038741.8402,4491589833.52279,-15487787967.7103,14313051278.2303,14173793379.3939,6038490207.48822,4071711652.47342,5351116533.02681,11838691579.2213,22420829143.361,8957021405.5842
Sweden,SWE,"Foreign direct investment, net inflows (% of GDP)",BX.KLT.DINV.WD.GD.ZS,-1.04543478042344,1.94889442525099,3.00853908060468,4.53384406821975,-0.129536947454265,2.98447516897391,3.39683456902909,9.09954665874792,9.30392491904333,3.07993451279325,..
Sweden,SWE,"Foreign direct investment, net inflows (BoP, current US$)",BX.KLT.DINV.CD.WD,-6039792919.86722,9777569491.28413,15470455705.9977,24305209924.7369,-714153381.400275,15882460441.2862,18517762637.6113,57981119709.6784,53953062150.4294,18016399579.3573,..
Sweden,SWE,"Foreign direct investment, net outflows (% of GDP)",BM.KLT.DINV.WD.GD.ZS,-0.287461872034041,2.84417155878297,-0.0033706044416867,7.20377133224572,2.44138125587927,4.11916863469749,4.14373532409917,9.93934993975539,11.3454457003047,6.90430117816464,..
Sweden,SWE,"Foreign direct investment, net outflows (BoP, current US$)",BM.KLT.DINV.CD.WD,-1660754178.02701,14269159324.8069,-17332261.712576,38618261202.9672,13459639997.9937,21920950648.7744,22589474290.0847,63332236242.7052,65791753729.6507,40387433020.2006,..
Sweden,SWE,GDP (constant 2015 US$),NY.GDP.MKTP.KD,480507219292.52,501698263620.663,513486872435.55,522858808973.771,532808626955.913,546393370671.191,535436339492.279,567227918052.988,575505409872.88,573717486152.92,..
Sweden,SWE,GDP (constant LCU),NY.GDP.MKTP.KN,4053001914000,4231745000000,4331180039000,4410230832000,4494155963000,4608741114000,4516320300000,4784477205000,4854296531000,4839215679000,..
Sweden,SWE,GDP (current LCU),NY.GDP.MKTP.CN,3963683000000,4231745000000,4402732000000,4582907000000,4792294000000,5033443000000,5020978000000,5464876000000,5865211000000,6206525000000,..
Sweden,SWE,GDP (current US$),NY.GDP.MKTP.CD,577730245154.162,501698263620.663,514218206628.325,536083940228.684,551312498430.164,532169294165.94,545147614972.141,637186904843.636,579895717343.956,584960475767.32,..
Sweden,SWE,GDP deflator (base year varies by country),NY.GDP.DEFL.ZS,97.7962281811052,100,101.652020011999,103.915354424242,106.633904996946,109.215138700455,111.174090110482,114.220964294468,120.825148660454,128.25477126249,..
Sweden,SWE,GDP deflator: linked series (base year varies by country),NY.GDP.DEFL.ZS.AD,97.7962281811052,100,101.652020011999,103.915354424242,106.633904996946,109.215138700455,111.174090110482,114.220964294468,120.825148660454,128.25477126249,..
Sweden,SWE,GDP growth (annual %),NY.GDP.MKTP.KD.ZG,2.2957638087284,4.41014067579341,2.34974080432539,1.82515601494717,1.90296458840773,2.54964785253048,-2.00533750353763,5.9375085730744,1.45928850757269,-0.310670184725893,..
Sweden,SWE,GDP per capita (constant 2015 US$),NY.GDP.PCAP.KD,49556.7005007699,51197.9529341175,51746.6969632478,51985.932464245,52363.3829181296,53156.8613091273,51715.78104096,54458.3535600817,54878.2919511876,54449.7982042953,..
Sweden,SWE,GDP per capita (constant LCU),NY.GDP.PCAP.KN,418002.880949164,431846.583991772,436475.152535729,438493.065908322,441676.800409308,448369.664342063,436214.381652015,459347.544324681,462889.657813465,459275.38126035,..
Sweden,SWE,GDP per capita (current LCU),NY.GDP.PCAP.CN,408791.051256638,431846.583991772,443685.809403023,455661.623564358,470977.219742012,489687.55080195,484957.369732694,524671.194590608,559287.117186985,589042.58970039,..
Sweden,SWE,GDP per capita (current US$),NY.GDP.PCAP.CD,59583.7140001673,51197.9529341175,51820.3972482676,53300.8587281785,54181.9069780904,51773.0464558993,52653.7565934247,61174.9680215622,55296.9371472535,55516.836477474,..
Sweden,SWE,GDP per capita growth (annual %),NY.GDP.PCAP.KD.ZG,1.28578395441843,3.31186785391841,1.07180853468192,0.462320331608908,0.726062678868416,1.51533065050118,-2.71099578243886,5.30316368411722,0.771118411875221,-0.780807367826782,..
Sweden,SWE,"GDP per capita, PPP (constant 2021 international $)",NY.GDP.PCAP.PP.KD,57085.3853654573,58975.9778926613,59608.087457127,59883.6677647245,60318.4607271017,61232.48485041,59572.4747686329,62731.7006162929,63215.4363098276,62721.8455255166,..
Sweden,SWE,"GDP per capita, PPP (current international $)",NY.GDP.PCAP.PP.CD,46841.4019746739,48785.1551864585,50289.7687144135,51474.1199115161,53122.438677218,57046.4463076951,57489.2657196218,62731.7006162929,66375.6164555727,67198.0200377525,..
Sweden,SWE,"GDP, PPP (constant 2021 international $)",NY.GDP.MKTP.PP.KD,553506175895.864,577916576902.076,591496118524.505,602291845509.934,613753246048.856,629401792506.576,616780162313.504,653401537327.891,662936550870.42,660877004663.215,..
Sweden,SWE,"GDP, PPP (current international $)",NY.GDP.MKTP.PP.CD,454179386100.656,478054809710.972,499029649583.466,517711152885.815,540532181742.57,586373975348.365,595211778250.692,653401537327.891,696077173608.22,708040808266.424,..
Sweden,SWE,GDP: linked series (current LCU),NY.GDP.MKTP.CN.AD,3963683000000,4231745000000,4402731999999.99,4582907000000,4792294000000,5033443000000,5020977999999.99,5464876000000.01,5865211000000.01,6206525000000,..
Sweden,SWE,General government final consumption expenditure (% of GDP),NE.CON.GOVT.ZS,26.2754867127366,25.8927700038637,26.4390383062153,26.2619555666305,26.255213056628,25.8359933747139,26.5311658405992,25.7524415924533,25.3239653270786,26.0484570673606,..
Sweden,SWE,General government final consumption expenditure (annual % growth),NE.CON.GOVT.KD.ZG,1.24747681692784,2.17504622847451,3.732262739615,0.121765494087242,0.817754032311214,0.266974403404177,-1.77735047341537,3.27050281524855,-0.13223386969608,1.48730530176458,..
Sweden,SWE,General government final consumption expenditure (constant 2015 US$),NE.CON.GOVT.KD,127138261549.887,129903577512.676,134751920333.608,134916001675.195,136019282719.127,136382419387.681,133958425811.038,138339539898.451,138156608171.524,140211418729.597,..
Sweden,SWE,General government final consumption expenditure (constant LCU),NE.CON.GOVT.KN,1072391000000,1095716000000,1136611000000,1137995000000,1147301000000,1150364000000,1129918000000,1166872000000,1165329000000,1182661000000,..
Sweden,SWE,General government final consumption expenditure (current LCU),NE.CON.GOVT.CN,1041477000000,1095716000000,1164040000000,1203561000000,1258227000000,1300440000000,1332124000000,1407339000000,1485304000000,1616704000000,..
Sweden,SWE,General government final consumption expenditure (current US$),NE.CON.GOVT.CD,151801433800.943,129903577512.676,135954348627.996,140786126182.699,144748271070.658,137491223582.974,144634017804.33,164091185504.619,146852590393.397,152373178391.278,..
Sweden,SWE,Gini index,SI.POV.GINI,28.4,29.2,29.6,28.8,30,29.3,28.9,29.8,31.6,..,..
Sweden,SWE,GNI (constant 2015 US$),NY.GNP.MKTP.KD,488523800676.342,505274264709.006,515646025685.725,529764262692.568,539645976129.366,560129090205.121,552293079744.935,589699072369.376,592512862513.015,585988036249.251,..
Sweden,SWE,GNI (constant LCU),NY.GNP.MKTP.KN,4120620502000,4261908000000,4349392153000,4468477235000,4551827915000,4724599722000,4658504221000,4974017815000,4997751687000,4942715816000,..
Sweden,SWE,GNI (current LCU),NY.GNP.MKTP.CN,4046655000000,4261908000000,4414143000000,4648003000000,4878929000000,5179500000000,5198034000000,5688429000000,6117372000000,6436158000000,..
Sweden,SWE,GNI (current US$),NY.GNP.MKTP.CD,589823904990.464,505274264709.006,515550957283.109,543698522015.555,561279115315.834,547611418095.424,564371291338.878,663252463172.592,604826974545.303,606603219320.577,..
Sweden,SWE,GNI growth (annual %),NY.GNP.MKTP.KD.ZG,2.09523622852672,3.00720824976169,1.88919260581288,3.0026668995208,2.28422475266426,3.65004498575318,-1.4123466752408,6.52329167651222,1.61342919024625,-0.875613010176863,..
Sweden,SWE,GNI per capita (constant 2015 US$),NY.GNP.PCAP.KD,50383.4837554795,51562.8813157548,51964.2858733675,52672.5163842231,53035.3441342232,54493.165476488,53343.9101455279,56615.7615925804,56500.0663694985,55614.3591471403,..
Sweden,SWE,GNI per capita (constant LCU),NY.GNP.PCAP.KN,424976.666106305,434924.696806449,438310.480359687,444284.291992064,447344.686313231,459641.177298671,449947.391505163,477544.937691362,476569.06689949,469098.267453964,..
Sweden,SWE,GNI per capita (current LCU),NY.GNP.PCAP.CN,417348.297409992,434924.696806449,444835.754203456,462133.879939525,479491.53698389,503896.968611485,502058.542463463,546134.045635045,583332.355927243,610836.365927936,..
Sweden,SWE,GNI per capita growth (annual %),NY.GNP.PCAP.KD.ZG,1.27399643168769,2.34084162579791,0.778475809283435,1.36291781740547,0.688836939844322,2.74877323049931,-2.10898985388518,6.13350509575781,-0.204351614863697,-1.56762156094801,..
Sweden,SWE,"GNI per capita, Atlas method (current US$)",NY.GNP.PCAP.CD,61350,57910,53980,52330,55090,56230,54670,60530,62630,60480,..
Sweden,SWE,"GNI per capita, PPP (constant 2021 international $)",NY.GNP.PCAP.PP.KD,58109.8735596151,59470.1336685971,59933.0942729557,60749.9330933242,61168.4010734018,62849.7817076319,61524.2861882289,65297.8814167126,65164.4441415657,64142.9122651306,..
Sweden,SWE,"GNI per capita, PPP (current international $)",NY.GNP.PCAP.PP.CD,47820,49130,50420,52210,54080,58700,59520,65300,69230,69680,..
Sweden,SWE,"GNI, Atlas method (current US$)",NY.GNP.ATLS.CD,594888205373.475,567474033628.429,535614018916.551,526295146293.764,560529218436.062,577957195589.11,565987150162.984,630468749414.475,656812074615.211,637220146302.212,..
Sweden,SWE,"GNI, PPP (constant 2021 international $)",NY.GNP.MKTP.PP.KD,563439726120.12,582758901263.446,594721188783.552,611004480572.861,622401570959.693,646025804147.415,636988128641.229,680130391536.89,683375681010.395,675850261945.968,..
Sweden,SWE,"GNI, PPP (current international $)",NY.GNP.MKTP.PP.CD,463686748829.598,481462285167.388,500323034538.852,525064766041.887,550303912267.715,603388973574.72,616200879698.648,680130391536.89,726003380214.295,734237357047.69,..
Sweden,SWE,GNI: linked series (current LCU),NY.GNP.MKTP.CN.AD,4046655000000,4261908000000,4414142999999.99,4648003000000,4878929000000,5179500000000,5198033999999.99,5688429000000.01,6117372000000.01,6436158000000,..
Sweden,SWE,"Goods exports (BoP, current US$)",BX.GSR.MRCH.CD,180391311212.35,151616384003.021,151054851947.999,166109782944.91,180649935023.501,179171472073.203,172672483366.549,213746380155.912,221182196200.279,222812640216.861,..
Sweden,SWE,"Goods imports (BoP, current US$)",BM.GSR.MRCH.CD,161382541690.335,137227574018.702,139415949502.661,152937644956.802,167524277460.163,156566883005.935,146816906662.451,183210569398.388,197618526229.411,189390564329.988,..
Sweden,SWE,"Grants, excluding technical cooperation (BoP, current US$)",BX.GRT.EXTA.CD.WD,..,..,..,..,..,..,..,..,..,..,..
Sweden,SWE,Gross capital formation (% of GDP),NE.GDI.TOTL.ZS,22.8641392361599,23.788437157721,24.3267362174214,25.0752415442862,25.3084848300209,24.4595597883993,24.410184629369,25.2564742548596,26.9258173320619,24.9988036783869,..
Sweden,SWE,Gross capital formation (annual % growth),NE.GDI.TOTL.KD.ZG,6.69464591208838,8.4907308378815,4.73363886333699,4.16249307977957,2.25053655885765,-0.312928447131185,-1.42494409592305,9.06366525195554,4.91091233576051,-6.43771013754753,..
Sweden,SWE,Gross capital formation (constant 2015 US$),NE.GDI.TOTL.KD,110005873535.057,119346176162.779,124995593139.527,130198526053.989,133128691481.928,132712093934.987,130821020787.885,142678200191.29,149685001524.925,140048715007.367,..
Sweden,SWE,Gross capital formation (constant LCU),NE.GDI.TOTL.KN,927882034000,1006666000000,1054317933000,1098203844000,1122919323000,1119405389000,1103454488000,1203467909000,1262569163000,1181288620000,..
Sweden,SWE,Gross capital formation (current LCU),NE.GDI.TOTL.CN,906262000000,1006666000000,1071041000000,1149175000000,1212857000000,1231158000000,1225630000000,1380235000000,1579256000000,1551557000000,..
Sweden,SWE,Gross capital formation (current US$),NE.GDI.TOTL.CD,132093047661.456,119346176162.779,125092506708.427,134424342892.469,139528840031.207,130166266682.021,133071539317.301,160930946577.17,156141661568.484,146233120933.23,..
Sweden,SWE,Gross domestic income (constant LCU),NY.GDY.TOTL.KN,4035474703928.57,4231745000000,4341606931436.93,4408138641034.75,4470968294173.47,4588933497709.94,4508688617795.95,4785911207942.02,4788529745951.4,4763269530320.44,..
Sweden,SWE,Gross domestic savings (% of GDP),NY.GDS.TOTL.ZS,25.9574743994411,27.0482980425333,26.8838303126332,26.9424625025121,26.960678956675,28.4209039418942,28.5992888238108,29.5777799898845,28.8313583262392,28.9759728672647,..
Sweden,SWE,Gross domestic savings (current LCU),NY.GDS.TOTL.CN,1028872000000,1144615000000,1183623000000,1234748000000,1292035000000,1430550000000,1435964000000,1616389000000,1691020000000,1798401000000,..
Sweden,SWE,Gross domestic savings (current US$),NY.GDS.TOTL.CD,149964180483.72,135700841618.331,138241550106.624,144434214578.102,148637592749.78,151247323903.158,155908340921.999,188465740839.005,167191812185.951,169497988742.561,..
Sweden,SWE,Gross fixed capital formation (% of GDP),NE.GDI.FTOT.ZS,22.6928339122982,23.2389238954616,23.8501230599546,24.5654123027153,24.5884538803337,23.8249842106089,24.5218561005446,25.0511631004985,25.5495667589793,25.0302383378783,..
Sweden,SWE,Gross fixed capital formation (annual % growth),NE.GDI.FTOT.KD.ZG,5.57948781554533,6.93079879798462,5.07634623128455,4.06875100343946,1.37080249931027,0.0621199462343043,1.64482679967884,7.29981305996208,0.259175064421129,-1.3616813653103,..
Sweden,SWE,Gross fixed capital formation (constant 2015 US$),NE.GDI.FTOT.KD,109032457419.42,116589277667.658,122507753070.622,127492288502.974,129239955980.201,129320239771.369,131447333732.537,141042743367.317,141408290988.301,139482760640.909,..
Sweden,SWE,Gross fixed capital formation (constant LCU),NE.GDI.FTOT.KN,919671424000,983412000000,1033333398000,1075377161000,1090118458000,1090795639000,1108737338000,1189673091000,1192756427000,1176514885000,..
Sweden,SWE,Gross fixed capital formation (current LCU),NE.GDI.FTOT.CN,899472000000,983412000000,1050057000000,1125810000000,1178351000000,1199217000000,1231237000000,1369015000000,1498536000000,1553508000000,..
Sweden,SWE,Gross fixed capital formation (current US$),NE.GDI.FTOT.CD,131103364993.947,116589277667.658,122641675077.547,131691230205.818,135559219413.016,126789250308.744,133680313679.019,159622730787.398,148160843435.256,146417001266.947,..
Sweden,SWE,"Gross fixed capital formation, private sector (% of GDP)",NE.GDI.FPRV.ZS,..,..,..,..,..,..,..,..,..,..,..
Sweden,SWE,"Gross fixed capital formation, private sector (current LCU)",NE.GDI.FPRV.CN,..,..,..,..,..,..,..,..,..,..,..
Sweden,SWE,Gross national expenditure (% of GDP),NE.DAB.TOTL.ZS,96.9066648367188,96.7401391151877,97.4429059047882,98.1327790417741,98.3478058733458,96.0386558465051,95.8108958055582,95.6786942649751,98.0944590058226,96.0228308111222,..
Sweden,SWE,Gross national expenditure (constant 2015 US$),NE.DAB.TOTL.KD,463676330387.187,485343598165.111,501161525573.146,512588407941.703,521296871497.97,522770128462.215,511127235852.801,542061285487.604,557271212211.177,542785695600.46,..
Sweden,SWE,Gross national expenditure (constant LCU),NE.DAB.TOTL.KN,3911036045000,4093796000000,4227217700000,4323601634000,4397056138000,4409482826000,4311276880000,4572200665000,4700493976000,4578310949000,..
Sweden,SWE,Gross national expenditure (current LCU),NE.DAB.TOTL.CN,3841073000000,4093796000000,4290150000000,4497334000000,4713116000000,4834051000000,4810644000000,5228722000000,5753447000000,5959681000000,..
Sweden,SWE,Gross national expenditure (current US$),NE.DAB.TOTL.CD,559859112331.898,485343598165.111,501069163230.128,526074068543.051,542203745711.59,511088236944.802,522310813367.443,609652110581.8,568845566726.488,561695607957.989,..
Sweden,SWE,Gross national expenditure deflator (base year varies by country),NE.DAB.DEFL.ZS,98.2111378111832,100,101.488740454507,104.018232499354,107.187987873718,109.62852540204,111.58281256109,114.35897903663,122.400901466446,130.172045245239,..
Sweden,SWE,Gross savings (% of GDP),NY.GNS.ICTR.ZS,26.2842608570896,26.1686779637915,25.8523848944459,26.8737108114358,27.1551676200889,29.3945142529843,30.0284115759879,31.864061687584,31.3459203909417,31.0820933045731,..
Sweden,SWE,Gross savings (% of GNI),NY.GNS.ICTR.GN.ZS,25.7453323613729,25.9834731603509,25.7855539005179,26.4973403402934,26.6729741004115,28.565616759356,29.0055805517972,30.6118167211013,30.0538265585411,29.9731282462559,..
Sweden,SWE,Gross savings (current LCU),NY.GNS.ICTR.CN,1041824779268.12,1107391721298.85,1138211222510.94,1231597173937.05,1301355468547.47,1479556120050.84,1507719938979.8,1741331459789.98,1838504370820.76,1929117891471.66,..
Sweden,SWE,Gross savings (current US$),NY.GNS.ICTR.CD,151852124686.623,131287802956.825,132937669974.872,144065647803.607,149709833059.211,156428579023.613,163699169520.516,203033628424.584,181773649909.117,181817960872.873,..
Sweden,SWE,Gross value added at basic prices (GVA) (constant 2015 US$),NY.GDP.FCST.KD,427015976136.282,445398801735.935,454357542095.489,463200371909.804,472341652643.317,485305317893.274,473927359032.363,503157552449.37,511588788367.771,510774009033.366,..
Sweden,SWE,Gross value added at basic prices (GVA) (constant LCU),NY.GDP.FCST.KN,3601811792000,3756868000000,3832433549000,3907021411000,3984126659000,4093473112000,3997501840000,4244053869000,4315170002000,4308297468000,..
Sweden,SWE,Gross value added at basic prices (GVA) (current LCU),NY.GDP.FCST.CN,3518801000000,3756868000000,3895309000000,4054802000000,4239104000000,4464679000000,4452634000000,4849192000000,5206989000000,5552683000000,..
Sweden,SWE,Gross value added at basic prices (GVA) (current US$),NY.GDP.FCST.CD,512886061871.929,445398801735.935,454953607951.421,474309042929.989,487672713181.892,472035756063.492,483440239221.096,565400137436.334,514817049438.987,523336341908.735,..
Sweden,SWE,Households and NPISHs final consumption expenditure (% of GDP),NE.CON.PRVT.ZS,47.1558144281468,46.3559359082364,45.9850156675446,46.1390335871969,46.0406853168858,45.0827991893422,44.1346486680483,43.9107310028626,44.7037796253195,43.7743181571008,..
Sweden,SWE,Households and NPISHs Final consumption expenditure (annual % growth),NE.CON.PRVT.KD.ZG,2.8788055510439,3.92525216243291,2.30085157251621,2.60663743272873,1.84948837118949,0.720200763592089,-3.16754698794725,6.32530046851723,2.32429603920605,-2.54561828128524,..
Sweden,SWE,Households and NPISHs Final consumption expenditure (constant 2015 US$),NE.CON.PRVT.KD,223782883079.497,232566925536.73,237917945300.094,244119603521.465,248634567200.389,250425235251.92,242492898255.638,257831302685.123,263824065441.267,257108111800.964,..
Sweden,SWE,Households and NPISHs Final consumption expenditure (constant LCU),NE.CON.PRVT.KN,1887573000000,1961665000000,2006800000000,2059110000000,2097193000000,2112297000000,2045389000000,2174766000000,2225314000000,2168666000000,..
Sweden,SWE,Households and NPISHs Final consumption expenditure (current LCU),NE.CON.PRVT.CN,1869107000000,1961665000000,2024597000000,2114509000000,2206405000000,2269217000000,2215991000000,2399667000000,2621971000000,2716864000000,..
Sweden,SWE,Households and NPISHs Final consumption expenditure (current US$),NE.CON.PRVT.CD,272433402300.174,232566925536.73,236463322883.402,247343949237.681,253828052514.893,239916814236.17,240598984590.199,279793427771.355,259235303538.108,256062459755.677,..
Sweden,SWE,Households and NPISHs Final consumption expenditure per capita (constant 2015 US$),NE.CON.PRVT.PC.KD,23079.655973323,23733.2902484686,23976.2075302282,24271.9162497686,24435.3157781634,24363.0691972701,23421.4764766768,24753.8384370764,25157.3900760257,24401.3563158478,..
Sweden,SWE,Households and NPISHs Final consumption expenditure per capita growth (annual %),NE.CON.PRVT.PC.KD.ZG,1.86306924708211,2.8320798018006,1.02352973067134,1.23334234226849,0.67320407137737,-0.295664609163126,-3.86483621159998,5.68863351431452,1.63025883834177,-3.00521539751598,..
Sweden,SWE,"Households and NPISHs Final consumption expenditure, PPP (constant 2021 international $)",NE.CON.PRVT.PP.KD,230232411400.456,239269614107.574,244774852786.321,251155245724.956,255800332788.272,257642608738.284,249481658045.526,265262122530.744,271427599538.24,264518088943.941,..
Sweden,SWE,"Households and NPISHs Final consumption expenditure, PPP (current international $)",NE.CON.PRVT.PP.CD,204886678612.042,210901763308.674,217134659080.061,222957914012.737,232981015110.259,244452645949.536,241229539765.697,265262122530.744,298139314924.677,301133991937.584,..
Sweden,SWE,Households and NPISHs final consumption expenditure: linked series (current LCU),NE.CON.PRVT.CN.AD,1869107000000,1961665000000,2024596999999.99,2114509000000,2206405000000,2269217000000,2215991000000,2399667000000,2621971000000.01,2716864000000,..
Sweden,SWE,"IBRD loans and IDA credits (DOD, current US$)",DT.DOD.MWBG.CD,..,..,..,..,..,..,..,..,..,..,..
Sweden,SWE,"IFC, private nonguaranteed (NFL, US$)",DT.NFL.NIFC.CD,..,..,..,..,..,..,..,..,..,..,..
Sweden,SWE,"IMF repurchases and charges (TDS, current US$)",DT.TDS.DIMF.CD,..,..,..,..,..,..,..,..,..,..,..
Sweden,SWE,Imports of goods and services (% of GDP),NE.IMP.GNFS.ZS,40.3646558011829,40.4486565234909,40.3533533269797,42.027014731043,44.2387507945047,44.2798696637669,40.0708387887778,42.9783402221752,51.974737140744,51.1944284442583,..
Sweden,SWE,Imports of goods and services (annual % growth),NE.IMP.GNFS.KD.ZG,6.50278135538163,5.77504268492659,5.46202914790345,4.4399075687372,4.08383079424262,2.02300036404084,-6.25817408848441,12.8222499178476,9.6646805341593,-1.09412022579254,..
Sweden,SWE,"Imports of goods and services (BoP, current US$)",BM.GSR.GNFS.CD,237547594509.485,206006899777.01,209929700867.052,228414116183.025,246027989926.624,237895489919.234,221406429979.887,275348323149.161,304101208976.108,304194384467.286,309525682943.453
Sweden,SWE,Imports of goods and services (constant 2015 US$),NE.IMP.GNFS.KD,191850745019.986,202930207436.24,214014314516.308,223516352264.699,232644381888.653,237350778581.181,222496953657.197,251026069114.721,275286936752.116,272274966698.147,..
Sweden,SWE,Imports of goods and services (constant LCU),NE.IMP.GNFS.KN,1618230498000,1711684000000,1805176679000,1885324855000,1962318332000,2002016039000,1876726390000,2117364938000,2322001495000,2296596007000,..
Sweden,SWE,Imports of goods and services (current LCU),NE.IMP.GNFS.CN,1599927000000,1711684000000,1776650000000,1926059000000,2120051000000,2228802000000,2011948000000,2348713000000,3048428000000,3177395000000,..
Sweden,SWE,Imports of goods and services (current US$),NE.IMP.GNFS.CD,233198824915.808,202930207436.24,207504289792.387,225300076530.665,243893762279.478,235643869847.267,218445221956.354,273852355814.846,301399274779.953,299467172193.893,..
Sweden,SWE,"Imports of goods, services and primary income (BoP, current US$)",BM.GSR.TOTL.CD,290967644318.119,249588316920.71,253507882082.048,270329787476.88,295084144416.602,281364752724.232,256941476497.515,323757135367.841,355559081225.364,368913712595.2,..
Sweden,SWE,Income share held by fourth 20%,SI.DST.04TH.20,22.9,22.8,22.8,23.1,23.2,23,23.1,23.2,22.7,..,..
Sweden,SWE,Income share held by highest 10%,SI.DST.10TH.10,22.2,22.9,23.3,22.3,22.9,22.7,22.4,22.7,24.7,..,..
Sweden,SWE,Income share held by highest 20%,SI.DST.05TH.20,37,37.6,37.8,37.1,37.8,37.5,37.2,37.7,39.1,..,..
Sweden,SWE,Income share held by lowest 10%,SI.DST.FRST.10,3.1,2.9,3,3,2.7,2.9,3,2.8,2.5,..,..
Sweden,SWE,Income share held by lowest 20%,SI.DST.FRST.20,8.4,8.2,8.1,8.3,7.8,8.1,8.2,7.8,7.4,..,..
Sweden,SWE,Income share held by second 20%,SI.DST.02ND.20,14,13.9,13.8,13.9,13.7,13.8,13.8,13.7,13.5,..,..
Sweden,SWE,Income share held by third 20%,SI.DST.03RD.20,17.7,17.5,17.5,17.6,17.6,17.6,17.7,17.6,17.3,..,..
Sweden,SWE,"Industry (including construction), value added (% of GDP)",NV.IND.TOTL.ZS,21.6085141016575,22.2836678486062,21.9558674023311,22.1637052639296,22.1851163555491,22.2925738902775,21.8123640454111,23.055527700903,24.0248816282995,23.2510140537579,..
Sweden,SWE,"Industry (including construction), value added (annual % growth)",NV.IND.TOTL.KD.ZG,-0.258866051453225,6.43922212486152,-0.0866693955808557,2.74275664763337,1.65683103272727,1.88803411138778,-0.987834588419332,10.2535879560166,2.05466264132339,-2.55661397178876,..
Sweden,SWE,"Industry (including construction), value added (constant 2015 US$)",NV.IND.TOTL.KD,105033438271.756,111796774667.453,111699881078.57,114763536992.251,116664974887.394,118867649409.31,117693433654.004,129761233392.173,132427388977.603,129041731848.526,..
Sweden,SWE,"Industry (including construction), value added (constant LCU)",NV.IND.TOTL.KN,885940334000,942988000000,942170718000,968012168000,984050494000,1002629703000,992725380000,1094515350000,1117003948000,1088446469000,..
Sweden,SWE,"Industry (including construction), value added (current LCU)",NV.IND.TOTL.CN,856493000000,942988000000,966658000000,1015742000000,1063176000000,1122084000000,1095194000000,1259956000000,1409110000000,1443080000000,..
Sweden,SWE,"Industry (including construction), value added (current US$)",NV.IND.TOTL.CD,124838921493.677,111796774667.453,112901067605.96,118816064479.546,122309319259.417,118634233123.31,118909582362.599,146906803352.751,139319259659.464,136009242429.589,..
Sweden,SWE,"Industry (including construction), value added per worker (constant 2015 US$)",NV.IND.EMPL.KD,119480.093063457,127512.272797592,125790.849138193,126980.923872676,126929.74856075,126834.526484211,128167.750271954,141857.969187371,148055.196243852,142450.615956427,..
Sweden,SWE,"Inflation, consumer prices (annual %)",FP.CPI.TOTL.ZG,-0.179638494114635,-0.0467847449832812,0.984269244577992,1.79449904665589,1.95353530127028,1.78415097403835,0.497367318853572,2.16319736447153,8.36929098869189,8.54862489748902,2.83581658224034
Sweden,SWE,"Inflation, GDP deflator (annual %)",NY.GDP.DEFL.KD.ZG,1.83270691050184,2.25343232544076,1.65202001199931,2.22655133855243,2.61612019490897,2.42065007708676,1.79366288715698,2.7406333444759,5.78193714856063,6.14906969650426,..
Sweden,SWE,"Inflation, GDP deflator: linked series (annual %)",NY.GDP.DEFL.KD.ZG.AD,1.83270691050184,2.25343232544076,1.65202001199931,2.22655133855243,2.61612019490897,2.42065007708676,1.79366288715698,2.7406333444759,5.78193714856063,6.14906969650426,..
Sweden,SWE,"Insurance and financial services (% of service exports, BoP)",BX.GSR.INSF.ZS,6.99395463666978,7.15848174387419,7.15727917682322,6.09243647414227,5.63622360933882,4.98818479992732,6.49583156882382,6.33082349047354,5.34482072353472,6.01214186542402,..
Sweden,SWE,"Insurance and financial services (% of service imports, BoP)",BM.GSR.INSF.ZS,2.99385608681333,3.42258572103828,3.45317304780784,3.86572094315775,3.97667634837868,3.35383649981726,3.42444072829539,3.23668285505798,2.70655310436722,2.82372362699204,..
Sweden,SWE,"Interest rate spread (lending rate minus deposit rate, %)",FR.INR.LNDP,..,..,..,..,..,..,..,..,..,..,..
Sweden,SWE,Lending interest rate (%),FR.INR.LEND,..,..,..,..,..,..,..,..,..,..,..
Sweden,SWE,"Listed domestic companies, total",CM.MKT.LDOM.NO,..,..,..,..,..,..,..,..,..,..,..
Sweden,SWE,Machinery and transport equipment (% of value added in manufacturing),NV.MNF.MTRN.ZS.UN,25.1057412504048,22.3641201781535,22.5902511563955,23.6583334391847,21.6820740622165,23.112280707632,19.115353334061,20.0616076737578,..,..,..
Sweden,SWE,"Manufacturing, value added (% of GDP)",NV.IND.MANF.ZS,13.0440047804025,13.7629512175237,13.4787218481616,13.3346803677229,13.3725935846173,13.1358594902138,12.6405652444603,13.4735170569286,14.0346869021421,14.1907105828141,..
Sweden,SWE,"Manufacturing, value added (annual % growth)",NV.IND.MANF.KD.ZG,-2.00583753247184,6.80635148743734,1.82318045785379,3.05082391584499,2.98426872716139,-1.14971071444597,-6.22645244104643,19.1849435341598,4.82614022256425,-5.54776460144654,..
Sweden,SWE,"Manufacturing, value added (constant 2015 US$)",NV.IND.MANF.KD,64648296959.5653,69048487281.2755,70307365807.8314,72452319738.4973,74614491658.5563,73756640853.4285,69164218688.5763,82433334989.8225,86411683326.5674,81617766547.462,..
Sweden,SWE,"Manufacturing, value added (constant LCU)",NV.IND.MANF.KN,545298095000,582413000000,593031440000,611123785000,629361361000,622125526000,583389176000,695312060000,728868795000,688432870000,..
Sweden,SWE,"Manufacturing, value added (current LCU)",NV.IND.MANF.CN,517023000000,582413000000,593432000000,611116000000,640854000000,661186000000,634680000000,736311000000,823164000000,880750000000,..
Sweden,SWE,"Manufacturing, value added (current US$)",NV.IND.MANF.CD,75359160795.7399,69048487281.2755,69310041764.0366,71485079932.1898,73724779796.2654,69905010731.7001,68909739949.1729,85851486308.623,81386548288.1554,83010048139.9926,..
Sweden,SWE,Market capitalization of listed domestic companies (% of GDP),CM.MKT.LCAP.GD.ZS,..,..,..,..,..,..,..,..,..,..,..
Sweden,SWE,Market capitalization of listed domestic companies (current US$),CM.MKT.LCAP.CD,..,..,..,..,..,..,..,..,..,..,..
Sweden,SWE,Medium and high-tech manufacturing value added (% manufacturing value added),NV.MNF.TECH.ZS.UN,44.6492383942387,51.6130067185023,50.94211670814,51.1084456719175,51.6174430393255,51.8851553846131,50.3101861468966,49.0938754724323,49.929251915495,..,..
Sweden,SWE,Monetary Sector credit to private sector (% GDP),FM.AST.PRVT.GD.ZS,130.317333651556,127.493031834385,128.880999343135,132.490229454798,132.864761636077,131.506604922317,138.235180476792,135.618447701284,134.945545863567,127.818932494431,..
Sweden,SWE,Multidimensional poverty headcount ratio (UNDP) (% of population),SI.POV.MPUN,..,..,..,..,..,..,..,..,..,..,..
Sweden,SWE,Multidimensional poverty headcount ratio (World Bank) (% of population),SI.POV.MPWB,1.1,1.3,1.4,1,1.7,2.3,2.2,1.5,2.4,..,..
Sweden,SWE,Multilateral debt service (% of public and publicly guaranteed debt service),DT.TDS.MLAT.PG.ZS,..,..,..,..,..,..,..,..,..,..,..
Sweden,SWE,"Multilateral debt service (TDS, current US$)",DT.TDS.MLAT.CD,..,..,..,..,..,..,..,..,..,..,..
Sweden,SWE,"Net bilateral aid flows from DAC donors, Australia (current US$)",DC.DAC.AUSL.CD,..,..,..,..,..,..,..,..,..,..,..
Sweden,SWE,"Net bilateral aid flows from DAC donors, Austria (current US$)",DC.DAC.AUTL.CD,..,..,..,..,..,..,..,..,..,..,..
Sweden,SWE,"Net bilateral aid flows from DAC donors, Belgium (current US$)",DC.DAC.BELL.CD,..,..,..,..,..,..,..,..,..,..,..
Sweden,SWE,"Net bilateral aid flows from DAC donors, Canada (current US$)",DC.DAC.CANL.CD,..,..,..,..,..,..,..,..,..,..,..
Sweden,SWE,"Net bilateral aid flows from DAC donors, Czechia (current US$)",DC.DAC.CZEL.CD,..,..,..,..,..,..,..,..,..,..,..
Sweden,SWE,"Net bilateral aid flows from DAC donors, Denmark (current US$)",DC.DAC.DNKL.CD,..,..,..,..,..,..,..,..,..,..,..
Sweden,SWE,"Net bilateral aid flows from DAC donors, Estonia (current US$)",DC.DAC.ESTL.CD,..,..,..,..,..,..,..,..,..,..,..
Sweden,SWE,"Net bilateral aid flows from DAC donors, European Union institutions (current US$)",DC.DAC.CECL.CD,..,..,..,..,..,..,..,..,..,..,..
Sweden,SWE,"Net bilateral aid flows from DAC donors, Finland (current US$)",DC.DAC.FINL.CD,..,..,..,..,..,..,..,..,..,..,..
Sweden,SWE,"Net bilateral aid flows from DAC donors, France (current US$)",DC.DAC.FRAL.CD,..,..,..,..,..,..,..,..,..,..,..
Sweden,SWE,"Net bilateral aid flows from DAC donors, Germany (current US$)",DC.DAC.DEUL.CD,..,..,..,..,..,..,..,..,..,..,..
Sweden,SWE,"Net bilateral aid flows from DAC donors, Greece (current US$)",DC.DAC.GRCL.CD,..,..,..,..,..,..,..,..,..,..,..
Sweden,SWE,"Net bilateral aid flows from DAC donors, Hungary (current US$)",DC.DAC.HUNL.CD,..,..,..,..,..,..,..,..,..,..,..
Sweden,SWE,"Net bilateral aid flows from DAC donors, Iceland (current US$)",DC.DAC.ISLL.CD,..,..,..,..,..,..,..,..,..,..,..
Sweden,SWE,"Net bilateral aid flows from DAC donors, Ireland (current US$)",DC.DAC.IRLL.CD,..,..,..,..,..,..,..,..,..,..,..
Sweden,SWE,"Net bilateral aid flows from DAC donors, Italy (current US$)",DC.DAC.ITAL.CD,..,..,..,..,..,..,..,..,..,..,..
Sweden,SWE,"Net bilateral aid flows from DAC donors, Japan (current US$)",DC.DAC.JPNL.CD,..,..,..,..,..,..,..,..,..,..,..
Sweden,SWE,"Net bilateral aid flows from DAC donors, Korea, Rep. (current US$)",DC.DAC.KORL.CD,..,..,..,..,..,..,..,..,..,..,..
Sweden,SWE,"Net bilateral aid flows from DAC donors, Lithuania (current US$)",DC.DAC.LTUL.CD,..,..,..,..,..,..,..,..,..,..,..
Sweden,SWE,"Net bilateral aid flows from DAC donors, Luxembourg (current US$)",DC.DAC.LUXL.CD,..,..,..,..,..,..,..,..,..,..,..
Sweden,SWE,"Net bilateral aid flows from DAC donors, Netherlands (current US$)",DC.DAC.NLDL.CD,..,..,..,..,..,..,..,..,..,..,..
Sweden,SWE,"Net bilateral aid flows from DAC donors, New Zealand (current US$)",DC.DAC.NZLL.CD,..,..,..,..,..,..,..,..,..,..,..
Sweden,SWE,"Net bilateral aid flows from DAC donors, Norway (current US$)",DC.DAC.NORL.CD,..,..,..,..,..,..,..,..,..,..,..
Sweden,SWE,"Net bilateral aid flows from DAC donors, Poland (current US$)",DC.DAC.POLL.CD,..,..,..,..,..,..,..,..,..,..,..
Sweden,SWE,"Net bilateral aid flows from DAC donors, Portugal (current US$)",DC.DAC.PRTL.CD,..,..,..,..,..,..,..,..,..,..,..
Sweden,SWE,"Net bilateral aid flows from DAC donors, Slovak Republic (current US$)",DC.DAC.SVKL.CD,..,..,..,..,..,..,..,..,..,..,..
Sweden,SWE,"Net bilateral aid flows from DAC donors, Slovenia (current US$)",DC.DAC.SVNL.CD,..,..,..,..,..,..,..,..,..,..,..
Sweden,SWE,"Net bilateral aid flows from DAC donors, Spain (current US$)",DC.DAC.ESPL.CD,..,..,..,..,..,..,..,..,..,..,..
Sweden,SWE,"Net bilateral aid flows from DAC donors, Sweden (current US$)",DC.DAC.SWEL.CD,..,..,..,..,..,..,..,..,..,..,..
Sweden,SWE,"Net bilateral aid flows from DAC donors, Switzerland (current US$)",DC.DAC.CHEL.CD,..,..,..,..,..,..,..,..,..,..,..
Sweden,SWE,"Net bilateral aid flows from DAC donors, Total (current US$)",DC.DAC.TOTL.CD,..,..,..,..,..,..,..,..,..,..,..
Sweden,SWE,"Net bilateral aid flows from DAC donors, United Kingdom (current US$)",DC.DAC.GBRL.CD,..,..,..,..,..,..,..,..,..,..,..
Sweden,SWE,"Net bilateral aid flows from DAC donors, United States (current US$)",DC.DAC.USAL.CD,..,..,..,..,..,..,..,..,..,..,..
Sweden,SWE,"Net capital account (BoP, current US$)",BN.TRF.KOGT.CD,-659052594.665214,-835874002.606899,-178143683.199488,-122163217.676773,189347454.212614,1152864972.08708,248025063.798272,142251423.016054,557629357.235528,-72309131.5520594,142563381.701993
Sweden,SWE,Net domestic credit (current LCU),FM.AST.DOMS.CN,6168378000000,6336090000000,6806080000000,7586755000000,7402254000000,7908011000000,8423988000000,8953542000000,10866911000000,10462404000000,10215398000000
Sweden,SWE,"Net errors and omissions (BoP, current US$)",BN.KAC.EOMS.CD,-4671996834.62178,-4918312317.5161,-36128855256.6565,9935798847.58515,-8719794099.48041,-9046843053.93804,-47463369940.0932,9844615727.58306,-27411159144.4057,-4025003216.11542,38453150695.772
Sweden,SWE,"Net financial account (BoP, current US$)",BN.FIN.TOTL.CD,13447876378.711,7258943680.61944,-26810548265.1531,20933882781.2062,3554795656.53083,20455426276.0991,-15609854435.3167,52698483517.5179,551155573.24145,36721644705.4482,83870289214.0238
Sweden,SWE,"Net financial flows, bilateral (NFL, current US$)",DT.NFL.BLAT.CD,..,..,..,..,..,..,..,..,..,..,..
Sweden,SWE,"Net financial flows, IBRD (NFL, current US$)",DT.NFL.MIBR.CD,..,..,..,..,..,..,..,..,..,..,..
Sweden,SWE,"Net financial flows, IDA (NFL, current US$)",DT.NFL.MIDA.CD,..,..,..,..,..,..,..,..,..,..,..
Sweden,SWE,"Net financial flows, IMF concessional (NFL, current US$)",DT.NFL.IMFC.CD,..,..,..,..,..,..,..,..,..,..,..
Sweden,SWE,"Net financial flows, IMF nonconcessional (NFL, current US$)",DT.NFL.IMFN.CD,..,..,..,..,..,..,..,..,..,..,..
Sweden,SWE,"Net financial flows, multilateral (NFL, current US$)",DT.NFL.MLAT.CD,..,..,..,..,..,..,..,..,..,..,..
Sweden,SWE,"Net financial flows, others (NFL, current US$)",DT.NFL.MOTH.CD,..,..,..,..,..,..,..,..,..,..,..
Sweden,SWE,"Net financial flows, RDB concessional (NFL, current US$)",DT.NFL.RDBC.CD,..,..,..,..,..,..,..,..,..,..,..
Sweden,SWE,"Net financial flows, RDB nonconcessional (NFL, current US$)",DT.NFL.RDBN.CD,..,..,..,..,..,..,..,..,..,..,..
Sweden,SWE,"Net flows on external debt, private nonguaranteed (PNG) (NFL, current US$)",DT.NFL.DPNG.CD,..,..,..,..,..,..,..,..,..,..,..
Sweden,SWE,Net foreign assets (current LCU),FM.AST.NFRG.CN,1213446219945.67,1344142899739.47,1359626194382.73,1190631929172.32,723226118570.602,836535468471.206,494107064496.31,346671422984.552,175436372497.148,381530828854.328,541044922348.053
Sweden,SWE,Net ODA provided to the least developed countries (% of GNI),DC.ODA.TLDC.GN.ZS,0.17291907392959,0.167797790408169,0.160983478361477,0.187327391006571,0.209802890093664,0.197966929399137,0.199408272867212,0.205610855734873,0.168579614732037,..,..
Sweden,SWE,"Net ODA provided, to the least developed countries (current US$)",DC.ODA.TLDC.CD,984790000,846940000,837490000,1022840000,1174620000,1077670000,1111560000,1345590000,1032410000,..,..
Sweden,SWE,"Net ODA provided, total (% of GNI)",DC.ODA.TOTL.GN.ZS,1.094402,1.404549,0.940681,1.018878,..,..,..,..,..,..,..
Sweden,SWE,"Net ODA provided, total (constant 2021 US$)",DC.ODA.TOTL.KD,5828311967,7972981767,5500296901,6118811666,6553917320,6033317989,7024093270,5934170000,6053386415,..,..
Sweden,SWE,"Net ODA provided, total (current US$)",DC.ODA.TOTL.CD,6232720000,7089300000,4893740000,5563250000,6000040000,5204710000,6348350000,5934170000,5457970000,..,..
Sweden,SWE,Net ODA received (% of central government expense),DT.ODA.ODAT.XP.ZS,..,..,..,..,..,..,..,..,..,..,..
Sweden,SWE,Net ODA received (% of GNI),DT.ODA.ODAT.GN.ZS,..,..,..,..,..,..,..,..,..,..,..
Sweden,SWE,Net ODA received (% of gross capital formation),DT.ODA.ODAT.GI.ZS,..,..,..,..,..,..,..,..,..,..,..
Sweden,SWE,"Net ODA received (% of imports of goods, services and primary income)",DT.ODA.ODAT.MP.ZS,..,..,..,..,..,..,..,..,..,..,..
Sweden,SWE,Net ODA received per capita (current US$),DT.ODA.ODAT.PC.ZS,..,..,..,..,..,..,..,..,..,..,..
Sweden,SWE,Net official aid received (constant 2021 US$),DT.ODA.OATL.KD,..,..,..,..,..,..,..,..,..,..,..
Sweden,SWE,Net official aid received (current US$),DT.ODA.OATL.CD,..,..,..,..,..,..,..,..,..,..,..
Sweden,SWE,Net official development assistance and official aid received (constant 2021 US$),DT.ODA.ALLD.KD,..,..,..,..,..,..,..,..,..,..,..
Sweden,SWE,Net official development assistance and official aid received (current US$),DT.ODA.ALLD.CD,..,..,..,..,..,..,..,..,..,..,..
Sweden,SWE,Net official development assistance received (constant 2021 US$),DT.ODA.ODAT.KD,..,..,..,..,..,..,..,..,..,..,..
Sweden,SWE,Net official development assistance received (current US$),DT.ODA.ODAT.CD,..,..,..,..,..,..,..,..,..,..,..
Sweden,SWE,"Net official flows from UN agencies, CERF (current US$)",DT.NFL.CERF.CD,..,..,..,..,..,..,..,..,..,..,..
Sweden,SWE,"Net official flows from UN agencies, FAO (current US$)",DT.NFL.FAOG.CD,..,..,..,..,..,..,..,..,..,..,..
Sweden,SWE,"Net official flows from UN agencies, IAEA (current US$)",DT.NFL.IAEA.CD,..,..,..,..,..,..,..,..,..,..,..
Sweden,SWE,"Net official flows from UN agencies, IFAD (current US$)",DT.NFL.IFAD.CD,..,..,..,..,..,..,..,..,..,..,..
Sweden,SWE,"Net official flows from UN agencies, ILO (current US$)",DT.NFL.ILOG.CD,..,..,..,..,..,..,..,..,..,..,..
Sweden,SWE,"Net official flows from UN agencies, SDGFUND (current US$)",DT.NFL.SDGF.CD,..,..,..,..,..,..,..,..,..,..,..
Sweden,SWE,"Net official flows from UN agencies, SPRP (current US$)",DT.NFL.SPRP.CD,..,..,..,..,..,..,..,..,..,..,..
Sweden,SWE,"Net official flows from UN agencies, UNAIDS (current US$)",DT.NFL.UNAI.CD,..,..,..,..,..,..,..,..,..,..,..
Sweden,SWE,"Net official flows from UN agencies, UNCDF (current US$)",DT.NFL.UNCD.CD,..,..,..,..,..,..,..,..,..,..,..
Sweden,SWE,"Net official flows from UN agencies, UNCOVID (current US$)",DT.NFL.UNCV.CD,..,..,..,..,..,..,..,..,..,..,..
Sweden,SWE,"Net official flows from UN agencies, UNCTAD (current US$)",DT.NFL.UNCTAD.CD,..,..,..,..,..,..,..,..,..,..,..
Sweden,SWE,"Net official flows from UN agencies, UNDP (current US$)",DT.NFL.UNDP.CD,..,..,..,..,..,..,..,..,..,..,..
Sweden,SWE,"Net official flows from UN agencies, UNECE (current US$)",DT.NFL.UNEC.CD,..,..,..,..,..,..,..,..,..,..,..
Sweden,SWE,"Net official flows from UN agencies, UNEP (current US$)",DT.NFL.UNEP.CD,..,..,..,..,..,..,..,..,..,..,..
Sweden,SWE,"Net official flows from UN agencies, UNFPA (current US$)",DT.NFL.UNFP.CD,..,..,..,..,..,..,..,..,..,..,..
Sweden,SWE,"Net official flows from UN agencies, UNHCR (current US$)",DT.NFL.UNCR.CD,..,..,..,..,..,..,..,..,..,..,..
Sweden,SWE,"Net official flows from UN agencies, UNICEF (current US$)",DT.NFL.UNCF.CD,..,..,..,..,..,..,..,..,..,..,..
Sweden,SWE,"Net official flows from UN agencies, UNIDIR (current US$)",DT.NFL.UNID.CD,..,..,..,..,..,..,..,..,..,..,..
Sweden,SWE,"Net official flows from UN agencies, UNIDO (current US$)",DT.NFL.UNIDO.CD,..,..,..,..,..,..,..,..,..,..,..
Sweden,SWE,"Net official flows from UN agencies, UNPBF (current US$)",DT.NFL.UNPB.CD,..,..,..,..,..,..,..,..,..,..,..
Sweden,SWE,"Net official flows from UN agencies, UNRWA (current US$)",DT.NFL.UNRW.CD,..,..,..,..,..,..,..,..,..,..,..
Sweden,SWE,"Net official flows from UN agencies, UNTA (current US$)",DT.NFL.UNTA.CD,..,..,..,..,..,..,..,..,..,..,..
Sweden,SWE,"Net official flows from UN agencies, UNWOMEN (current US$)",DT.NFL.UNWN.CD,..,..,..,..,..,..,..,..,..,..,..
Sweden,SWE,"Net official flows from UN agencies, UNWTO (current US$)",DT.NFL.UNWT.CD,..,..,..,..,..,..,..,..,..,..,..
Sweden,SWE,"Net official flows from UN agencies, WFP (current US$)",DT.NFL.WFPG.CD,..,..,..,..,..,..,..,..,..,..,..
Sweden,SWE,"Net official flows from UN agencies, WHO (current US$)",DT.NFL.WHOL.CD,..,..,..,..,..,..,..,..,..,..,..
Sweden,SWE,"Net official flows from UN agencies, WTO-ITC (current US$)",DT.NFL.WITC.CD,..,..,..,..,..,..,..,..,..,..,..
Sweden,SWE,"Net primary income (BoP, current US$)",BN.GSR.FCTY.CD,10738457269.4527,2884297179.64503,859032027.501122,7555624014.4897,9964785532.38525,15484878758.4964,19196511257.8608,24788123820.3558,23652028561.8181,25003968480.5214,26771131409.1166
Sweden,SWE,Net primary income (Net income from abroad) (constant LCU),NY.GSR.NFCY.KN,84488577000,30163000000,11243613000,62581714000,80826676000,133229243000,158678478000,195476924000,206009715000,176726167000,..
Sweden,SWE,Net primary income (Net income from abroad) (current LCU),NY.GSR.NFCY.CN,82972000000,30163000000,11411000000,65096000000,86635000000,146057000000,177056000000,223553000000,252161000000,230124000000,..
Sweden,SWE,Net primary income (Net income from abroad) (current US$),NY.GSR.NFCY.CD,12093659836.3015,3576001088.343,1332750654.7834,7614581786.87161,9966616885.67046,15442123929.4842,19223676366.7372,26065558328.9556,24931257201.3469,21689019946.8267,..
Sweden,SWE,"Net secondary income (BoP, current US$)",BN.TRF.CURR.CD,-10205715633.3982,-7989039749.84934,-6636630786.5359,-7983148561.36703,-8894376576.23973,-10260868809.0292,-11432847768.2198,-11497670743.3773,-10349419478.1815,-9322771422.94462,-10822369460.485
Sweden,SWE,Net secondary income (Net current transfers from abroad) (constant LCU),NY.TRF.NCTR.KN,..,..,..,..,..,..,..,..,..,..,..
Sweden,SWE,Net secondary income (Net current transfers from abroad) (current LCU),NY.TRF.NCTR.CN,-69409000000,-66878000000,-56358000000,-67836000000,-76592000000,-95798000000,-104931000000,-97806000000,-102728000000,-99992000000,..
Sweden,SWE,Net secondary income (Net current transfers from abroad) (current US$),NY.TRF.NCTR.CD,-10116772351.8519,-7928780319.80252,-6582346981.18331,-7935092326.62871,-8811255503.05618,-10128405952.4482,-11392777340.7176,-11403863951.3754,-10156757745.1706,-9424173413.12987,..
Sweden,SWE,"Net trade in goods (BoP, current US$)",BN.GSR.MRCH.CD,19008474124.6292,14388927855.1942,11639020561.4806,13172493010.3701,13125657563.3382,22604589067.2674,25855576704.0983,30535929893.2803,23563763165.0584,33422264157.2668,..
Sweden,SWE,"Net trade in goods and services (BoP, current US$)",BN.GSR.GNFS.CD,18246315684.568,18118110226.2481,15274041856.9726,11547184497.3353,11014490874.811,23125394624.9601,23842043077.7926,29421157109.3754,14101881421.7174,25314147440.5633,..
Sweden,SWE,"Official exchange rate (LCU per US$, period average)",PA.NUS.FCRF,6.860785,8.43484083333333,8.56199166666667,8.54886083333333,8.69251833333333,9.45834916666667,9.21030902842085,8.57656671607378,10.114251277564,10.6101612965536,10.5676364344775
Sweden,SWE,Other manufacturing (% of value added in manufacturing),NV.MNF.OTHR.ZS.UN,61.1856577799496,61.0491054578395,60.9147667406461,62.5031982245997,62.4631489781762,63.0647411876839,61.3763674068649,64.2316830186467,..,..,..
Sweden,SWE,"Personal remittances, paid (current US$)",BM.TRF.PWKR.CD.DT,1791977957.34409,2429287325.59419,2858462903.50704,3571781225.0218,3688730695.12669,3368050650.88684,3152099431.6817,3844635254.37924,3938783464.77102,4201758685.09727,..
Sweden,SWE,"Personal remittances, received (% of GDP)",BX.TRF.PWKR.DT.GD.ZS,0.811792429411145,0.753037681871652,0.620732236961208,0.608075132257993,0.59366920855835,0.635929324633191,0.599084789000899,0.511973354141723,0.63779019840825,0.713010565926109,..
Sweden,SWE,"Personal remittances, received (current US$)",BX.TRF.PWKR.CD.DT,4689970392.57994,3777976974.35937,3191918176.86581,3259793128.55943,3272972546.11362,3384220598.29468,3265896438.89928,3262227168.87979,3698518046.20896,4170829998.71263,..
Sweden,SWE,"Personal transfers, receipts (BoP, current US$)",BX.TRF.PWKR.CD,413554509.741159,354046931.34366,365474626.029153,385007458.63887,396163197.717714,377465686.288755,338356895.154342,354570231.448454,362681875.208486,343586376.775026,343834066.874145
Sweden,SWE,"PNG, bonds (NFL, current US$)",DT.NFL.PNGB.CD,..,..,..,..,..,..,..,..,..,..,..
Sweden,SWE,"PNG, commercial banks and other creditors (NFL, current US$)",DT.NFL.PNGC.CD,..,..,..,..,..,..,..,..,..,..,..
Sweden,SWE,"Portfolio equity, net inflows (BoP, current US$)",BX.PEF.TOTL.CD.WD,2007944855.29511,1926800190.96274,-3047369374.18492,3259905209.3765,46479960.393408,1147073389.49473,7374259068.16701,17874411771.5879,-20114318712.9339,-2380163751.6368,..
Sweden,SWE,"Portfolio investment, bonds (PPG + PNG) (NFL, current US$)",DT.NFL.BOND.CD,..,..,..,..,..,..,..,..,..,..,..
Sweden,SWE,"Portfolio investment, net (BoP, current US$)",BN.KLT.PTXL.CD,23471019154.1058,-13132270344.3832,6307394456.19438,3858366621.67701,-10655491353.3795,15033267344.3167,-7289816808.52791,66724921762.8075,-23223213389.9776,-3198725194.08895,55460871102.9204
Sweden,SWE,Poverty gap at $3.00 a day (2021 PPP) (%),SI.POV.GAPS,0.4,0.3,0.2,0.2,0.6,0.2,0.3,0.5,0.9,..,..
Sweden,SWE,Poverty gap at $4.20 a day (2021 PPP) (%),SI.POV.LMIC.GP,0.4,0.5,0.3,0.2,0.7,0.3,0.4,0.6,1,..,..
Sweden,SWE,Poverty gap at $8.30 a day (2021 PPP) (%),SI.POV.UMIC.GP,0.7,0.7,0.5,0.4,1,0.5,0.5,0.9,1.3,..,..
Sweden,SWE,Poverty headcount ratio at $3.00 a day (2021 PPP) (% of population),SI.POV.DDAY,0.5,0.6,0.4,0.3,0.9,0.4,0.5,0.6,1.3,..,..
Sweden,SWE,Poverty headcount ratio at $4.20 a day (2021 PPP) (% of population),SI.POV.LMIC,0.7,0.8,0.5,0.3,0.9,0.4,0.5,0.9,1.4,..,..
Sweden,SWE,Poverty headcount ratio at $8.30 a day (2021 PPP) (% of population),SI.POV.UMIC,1.2,1.2,1,0.8,1.5,1,1,1.5,1.7,..,..
Sweden,SWE,Poverty headcount ratio at national poverty lines (% of population),SI.POV.NAHC,16.3,16.2,15.8,16.4,17.1,16.1,15.7,16,16.1,..,..
Sweden,SWE,Poverty headcount ratio at societal poverty line (% of population),SI.POV.SOPO,10.5,11,11.6,11,11.7,11.4,11,12.1,12.5,..,..
Sweden,SWE,"PPG, bonds (NFL, current US$)",DT.NFL.PBND.CD,..,..,..,..,..,..,..,..,..,..,..
Sweden,SWE,"PPG, commercial banks (NFL, current US$)",DT.NFL.PCBK.CD,..,..,..,..,..,..,..,..,..,..,..
Sweden,SWE,"PPG, IBRD (DOD, current US$)",DT.DOD.MIBR.CD,..,..,..,..,..,..,..,..,..,..,..
Sweden,SWE,"PPG, IDA (DOD, current US$)",DT.DOD.MIDA.CD,..,..,..,..,..,..,..,..,..,..,..
Sweden,SWE,"PPG, official creditors (NFL, US$)",DT.NFL.OFFT.CD,..,..,..,..,..,..,..,..,..,..,..
Sweden,SWE,"PPG, other private creditors (NFL, current US$)",DT.NFL.PROP.CD,..,..,..,..,..,..,..,..,..,..,..
Sweden,SWE,"PPG, private creditors (NFL, US$)",DT.NFL.PRVT.CD,..,..,..,..,..,..,..,..,..,..,..
Sweden,SWE,"PPP conversion factor, GDP (LCU per international $)",PA.NUS.PPP,8.727131,8.852008,8.822586,8.852247,8.865881,8.584015,8.435616,8.363733,8.426093,8.765773,8.819193
Sweden,SWE,"PPP conversion factor, private consumption (LCU per international $)",PA.NUS.PRVT.PP,9.122638,9.301321,9.324154,9.483893,9.470321,9.282849,9.186234,9.046399,8.794449,9.02211,..
Sweden,SWE,"Present value of external debt (% of exports of goods, services and primary income)",DT.DOD.PVLX.EX.ZS,..,..,..,..,..,..,..,..,..,..,..
Sweden,SWE,Present value of external debt (% of GNI),DT.DOD.PVLX.GN.ZS,..,..,..,..,..,..,..,..,..,..,..
Sweden,SWE,Present value of external debt (current US$),DT.DOD.PVLX.CD,..,..,..,..,..,..,..,..,..,..,..
Sweden,SWE,Price level ratio of PPP conversion factor (GDP) to market exchange rate,PA.NUS.PPPC.RF,1.27203097021696,1.04945762165637,1.03043618161273,1.03548849052306,1.01994389427997,0.90755953800606,0.915888486908492,0.975184275582571,0.833091127436317,0.826167741940672,..
Sweden,SWE,"Primary income payments (BoP, current US$)",BM.GSR.FCTY.CD,53420049808.6339,43581417143.7003,43578181214.9957,41915671293.8552,49056154489.9781,43469262804.9976,35535046517.6284,48408812218.6802,51457872249.2561,64719328127.9142,..
Sweden,SWE,"Primary income receipts (BoP, current US$)",BX.GSR.FCTY.CD,64158200965.9863,46465714323.3454,44437095126.3548,49471415481.009,59021051787.5076,58954245571.2238,54731557775.4892,73195528464.6806,75084641928.9086,89704825848.7758,..
Sweden,SWE,Proportion of people living below 50 percent of median income (%),SI.DST.50MD,9.3,9.6,10.4,10.1,10.8,10.2,10.1,11.1,11.4,..,..
Sweden,SWE,Prosperity gap (average shortfall from a prosperity standard of $28/day),SI.SPR.PGAP,0.9,0.9,0.9,0.7,1.2,0.8,0.9,1.1,1.4,..,..
Sweden,SWE,"Public and publicly guaranteed debt service (% of exports of goods, services and primary income)",DT.TDS.DPPG.XP.ZS,..,..,..,..,..,..,..,..,..,..,..
Sweden,SWE,Public and publicly guaranteed debt service (% of GNI),DT.TDS.DPPG.GN.ZS,..,..,..,..,..,..,..,..,..,..,..
Sweden,SWE,Real effective exchange rate index (2010 = 100),PX.REX.REER,100.783895363283,93.2431470558493,93.9401821071996,93.1230734109669,89.2642782796605,85.7051425735126,87.7136942231592,90.2741734692389,84.8509487312802,83.4404315256319,..
Sweden,SWE,Real interest rate (%),FR.INR.RINR,..,..,..,..,..,..,..,..,..,..,..
Sweden,SWE,"Reserves and related items (BoP, current US$)",BN.RES.INCL.CD,485739702.315463,1310965160.65334,4381767896.08999,137870090.992705,73685151.15229,-6748212482.00467,-585190207.352395,6241062912.93112,7946002616.41526,-5742528877.35793,..
Sweden,SWE,"Risk premium on lending (lending rate minus treasury bill rate, %)",FR.INR.RISK,..,..,..,..,..,..,..,..,..,..,..
Sweden,SWE,S&P Global Equity Indices (annual % change),CM.MKT.INDX.ZG,-8.58617833482405,-1.57193368795521,-1.46514407226561,18.0370480220497,-15.2732025467396,23.1369131258477,31.4651120170903,15.9064600023185,-35.079659770687,..,..
Sweden,SWE,"Secondary income receipts (BoP, current US$)",BX.TRF.CURR.CD,6329790265.5859,5748423046.6792,6485155043.50758,6721834111.56171,7212183292.41462,7016566112.02918,5603867899.89205,7674420951.66308,7092919874.88396,7601726592.1929,7338588700.23833
Sweden,SWE,"Secondary income, other sectors, payments (BoP, current US$)",BM.TRF.PRVT.CD,7144057409.03108,5914372418.30963,6319893040.02725,7032576359.45663,6966571003.98832,8788353196.67096,7029177040.2598,7913674390.31466,8091019195.77224,8274700880.99068,8877314546.53732
Sweden,SWE,"Service exports (BoP, current US$)",BX.GSR.NFSV.CD,75402598981.7026,72508626000.2369,74148890776.0256,73851517735.4499,76392545777.9342,81849412470.9915,72575989691.1306,91023100102.6242,97020894197.5465,105003807554.183,..
Sweden,SWE,"Service imports (BoP, current US$)",BM.GSR.NFSV.CD,76165052819.1497,68779325758.3082,70513751364.3916,75476471226.2228,78503712466.4614,81328606913.2988,74589523317.4362,92137753750.773,106482682746.697,113111736000.493,..
Sweden,SWE,"Services, value added (% of GDP)",NV.SRV.TOTL.ZS,65.9159423193025,65.1916644315761,65.2445345299237,64.9976750564653,64.992318918664,65.1167799059212,65.6685809019677,64.5633496533133,63.7124393308271,65.2205380627646,..
Sweden,SWE,"Services, value added (annual % growth)",NV.SRV.TOTL.KD.ZG,3.09915791467255,3.6129849290752,2.78108407989865,1.64721201944447,2.29912932659988,2.9362339890283,-2.74534833158664,4.96818437619974,1.59746228060898,0.856898374035481,..
Sweden,SWE,"Services, value added (constant 2015 US$)",NV.SRV.TOTL.KD,315660675833.737,327065448478.627,336161413597.115,341698704806.621,349554799937.442,359818546783.485,349940274312.625,367325952347.056,373193845882.688,376391737880.057,..
Sweden,SWE,"Services, value added (constant LCU)",NV.SRV.TOTL.KN,2662547558000,2758745000000,2835468018000,2882174188000,2948439100000,3035012171000,2951690515000,3098335942000,3147830690000,3174804400000,..
Sweden,SWE,"Services, value added (current LCU)",NV.SRV.TOTL.CN,2612699000000,2758745000000,2872542000000,2978783000000,3114623000000,3277616000000,3297205000000,3528307000000,3736869000000,4047929000000,..
Sweden,SWE,"Services, value added (current US$)",NV.SRV.TOTL.CD,380816335156.983,327065448478.627,335499275382.772,348442097499.735,358310777218.186,346531508008.93,357990702573.128,411389209319.321,369465707094.833,381514369749.954,..
Sweden,SWE,"Services, value added per worker (constant 2015 US$)",NV.SRV.EMPL.KD,84114.6634599126,85623.5222267042,86213.30562227,85843.2048220759,86322.980472,88524.8515928686,87277.8656731437,91215.1472287054,88907.3818918733,88780.4415507192,..
Sweden,SWE,"Short-term debt (% of exports of goods, services and primary income)",DT.DOD.DSTC.XP.ZS,..,..,..,..,..,..,..,..,..,..,..
Sweden,SWE,Short-term debt (% of total external debt),DT.DOD.DSTC.ZS,..,..,..,..,..,..,..,..,..,..,..
Sweden,SWE,Short-term debt (% of total reserves),DT.DOD.DSTC.IR.ZS,..,..,..,..,..,..,..,..,..,..,..
Sweden,SWE,"Stocks traded, total value (% of GDP)",CM.MKT.TRAD.GD.ZS,..,..,..,..,..,..,..,..,..,..,..
Sweden,SWE,"Stocks traded, total value (current US$)",CM.MKT.TRAD.CD,..,..,..,..,..,..,..,..,..,..,..
Sweden,SWE,"Stocks traded, turnover ratio of domestic shares (%)",CM.MKT.TRNR,..,..,..,..,..,..,..,..,..,..,..
Sweden,SWE,"Survey mean consumption or income per capita, bottom 40% of population (2021 PPP $ per day)",SI.SPR.PC40,..,..,..,34.06,..,..,..,..,33.9,..,..
Sweden,SWE,"Survey mean consumption or income per capita, total population (2021 PPP $ per day)",SI.SPR.PCAP,..,..,..,61.55,..,..,..,..,64.95,..,..
Sweden,SWE,Taxes less subsidies on products (constant LCU),NY.TAX.NIND.KN,451223892000,474877000000,498746464000,503214172000,510064536000,515452442000,518838369000,540289575000,538965877000,530835635000,..
Sweden,SWE,Taxes less subsidies on products (current LCU),NY.TAX.NIND.CN,444882000000,474877000000,507423000000,528105000000,553190000000,568764000000,568344000000,615684000000,658222000000,653842000000,..
Sweden,SWE,Taxes less subsidies on products (current US$),NY.TAX.NIND.CD,64844183282.2337,56299461884.7283,59264598676.9044,61774897298.6947,63639785248.272,60133538102.4473,61707375751.0442,71786767407.3024,65078667904.9694,61624133858.5853,..
Sweden,SWE,"Technical cooperation grants (BoP, current US$)",BX.GRT.TECH.CD.WD,..,..,..,..,..,..,..,..,..,..,..
Sweden,SWE,Terms of trade adjustment (constant LCU),NY.TTF.GNFS.KN,-17527210071.4331,0,10426892436.9336,-2092190965.24756,-23187668826.5266,-19807616290.0581,-7631682204.05078,1434002942.02295,-65766785048.6035,-75946148679.5576,..
Sweden,SWE,Textiles and clothing (% of value added in manufacturing),NV.MNF.TXTL.ZS.UN,0.742893317381169,0.729032988601193,0.833202561630835,0.815479225603217,0.734852729310069,0.593657712106162,0.581643035951314,0.716950430207619,..,..,..
Sweden,SWE,"Total debt service (% of exports of goods, services and primary income)",DT.TDS.DECT.EX.ZS,..,..,..,..,..,..,..,..,..,..,..
Sweden,SWE,Total debt service (% of GNI),DT.TDS.DECT.GN.ZS,..,..,..,..,..,..,..,..,..,..,..
Sweden,SWE,Total reserves (% of total external debt),FI.RES.TOTL.DT.ZS,..,..,..,..,..,..,..,..,..,..,..
Sweden,SWE,"Total reserves (includes gold, current US$)",FI.RES.TOTL.CD,62579168750.6963,58098544752.6552,59361642625.4786,62191481193.5854,60566144400.5195,55509629819.8897,58260344659.2008,62053165556.5423,64288785008.4922,60862760991.0537,52023373806.7168
Sweden,SWE,Total reserves in months of imports,FI.RES.TOTL.MO,2.58087124005902,2.79333001493553,2.80993121655758,2.7606938224921,2.46300503282935,2.36744493185166,2.72094698543997,2.2999894221095,2.16972497916015,1.97973972492056,..
Sweden,SWE,Total reserves minus gold (current US$),FI.RES.XGLD.CD,57704375110.1092,53813900259.2702,54729780243.4316,56951028193.5854,55385715100.5195,49353663819.8897,50616518459.2008,54696321356.5423,56963266308.4922,52526540191.0537,52023373806.7168
Sweden,SWE,Trade (% of GDP),NE.TRD.GNFS.ZS,83.822646765647,84.1571739317941,83.2638007491712,85.9212504203118,90.1296957156635,92.5210834810288,84.3307817719974,90.2779861793753,105.855015275665,106.366026077394,..
Sweden,SWE,Trade in services (% of GDP),BG.GSR.NFSV.GD.ZS,26.2350211144663,28.1619375636057,28.1325398975962,27.8553371507403,28.0959090688957,30.6628024527489,26.9955345977415,28.7452319658616,35.0931332751227,37.2872275291016,..
Sweden,SWE,"Transport services (% of service exports, BoP)",BX.GSR.TRAN.ZS,17.6005119492948,17.1665652109373,15.2162045344274,15.9217311562772,14.6821189031164,13.5540719142678,11.2717588042423,11.4984848592689,12.6113700984634,12.1342789098564,..
Sweden,SWE,"Transport services (% of service imports, BoP)",BM.GSR.TRAN.ZS,19.724095641529,18.6295140719142,16.7289120013318,16.3512616633534,16.4266760074866,15.5049464032619,12.5837708531748,12.5485001589628,13.5164754150081,12.7238034159432,..
Sweden,SWE,"Travel services (% of service exports, BoP)",BX.GSR.TRVL.ZS,12.2470267612156,11.5431526162079,12.3723872378282,13.5720791232525,13.0601643513985,11.2116086503517,5.9916814538535,6.65325797185259,9.24456314890359,9.42183301087264,..
Sweden,SWE,"Travel services (% of service imports, BoP)",BM.GSR.TRVL.ZS,19.0313191719328,19.0137732682266,19.1896049156494,19.9461132378942,19.9895368088833,17.6331893121942,8.22161332721808,9.08516987103081,11.5808908868273,12.1390309815093,..
Sweden,SWE,"Use of IMF credit (DOD, current US$)",DT.DOD.DIMF.CD,..,..,..,..,..,..,..,..,..,..,..
Sweden,SWE,Wholesale price index (2010 = 100),FP.WPI.TOTL,..,..,..,..,..,..,..,..,..,..,..
,,,,,,,,,,,,,,
,,,,,,,,,,,,,,
,,,,,,,,,,,,,,
Data from database: World Development Indicators,,,,,,,,,,,,,,
Last Updated: 06/05/2025,,,,,,,,,,,,,,
